-- MariaDB dump 10.19  Distrib 10.4.32-MariaDB, for Win64 (AMD64)
--
-- Host: localhost    Database: infofish
-- ------------------------------------------------------
-- Server version	10.4.32-MariaDB

/*!40101 SET @OLD_CHARACTER_SET_CLIENT=@@CHARACTER_SET_CLIENT */;
/*!40101 SET @OLD_CHARACTER_SET_RESULTS=@@CHARACTER_SET_RESULTS */;
/*!40101 SET @OLD_COLLATION_CONNECTION=@@COLLATION_CONNECTION */;
/*!40101 SET NAMES utf8mb4 */;
/*!40103 SET @OLD_TIME_ZONE=@@TIME_ZONE */;
/*!40103 SET TIME_ZONE='+00:00' */;
/*!40014 SET @OLD_UNIQUE_CHECKS=@@UNIQUE_CHECKS, UNIQUE_CHECKS=0 */;
/*!40014 SET @OLD_FOREIGN_KEY_CHECKS=@@FOREIGN_KEY_CHECKS, FOREIGN_KEY_CHECKS=0 */;
/*!40101 SET @OLD_SQL_MODE=@@SQL_MODE, SQL_MODE='NO_AUTO_VALUE_ON_ZERO' */;
/*!40111 SET @OLD_SQL_NOTES=@@SQL_NOTES, SQL_NOTES=0 */;

--
-- Current Database: `infofish`
--

CREATE DATABASE /*!32312 IF NOT EXISTS*/ `infofish` /*!40100 DEFAULT CHARACTER SET utf8mb4 COLLATE utf8mb4_general_ci */;

USE `infofish`;

--
-- Table structure for table `cache`
--

DROP TABLE IF EXISTS `cache`;
/*!40101 SET @saved_cs_client     = @@character_set_client */;
/*!40101 SET character_set_client = utf8 */;
CREATE TABLE `cache` (
  `key` varchar(255) NOT NULL,
  `value` mediumtext NOT NULL,
  `expiration` int(11) NOT NULL,
  PRIMARY KEY (`key`)
) ENGINE=InnoDB DEFAULT CHARSET=utf8mb4 COLLATE=utf8mb4_unicode_ci;
/*!40101 SET character_set_client = @saved_cs_client */;

--
-- Dumping data for table `cache`
--

LOCK TABLES `cache` WRITE;
/*!40000 ALTER TABLE `cache` DISABLE KEYS */;
/*!40000 ALTER TABLE `cache` ENABLE KEYS */;
UNLOCK TABLES;

--
-- Table structure for table `cache_locks`
--

DROP TABLE IF EXISTS `cache_locks`;
/*!40101 SET @saved_cs_client     = @@character_set_client */;
/*!40101 SET character_set_client = utf8 */;
CREATE TABLE `cache_locks` (
  `key` varchar(255) NOT NULL,
  `owner` varchar(255) NOT NULL,
  `expiration` int(11) NOT NULL,
  PRIMARY KEY (`key`)
) ENGINE=InnoDB DEFAULT CHARSET=utf8mb4 COLLATE=utf8mb4_unicode_ci;
/*!40101 SET character_set_client = @saved_cs_client */;

--
-- Dumping data for table `cache_locks`
--

LOCK TABLES `cache_locks` WRITE;
/*!40000 ALTER TABLE `cache_locks` DISABLE KEYS */;
/*!40000 ALTER TABLE `cache_locks` ENABLE KEYS */;
UNLOCK TABLES;

--
-- Table structure for table `campaigns`
--

DROP TABLE IF EXISTS `campaigns`;
/*!40101 SET @saved_cs_client     = @@character_set_client */;
/*!40101 SET character_set_client = utf8 */;
CREATE TABLE `campaigns` (
  `id` bigint(20) unsigned NOT NULL AUTO_INCREMENT,
  `company_id` bigint(20) unsigned NOT NULL,
  `title` varchar(255) NOT NULL,
  `summary` text DEFAULT NULL,
  `starts_at` date DEFAULT NULL,
  `ends_at` date DEFAULT NULL,
  `is_active` tinyint(1) NOT NULL DEFAULT 1,
  `created_at` timestamp NULL DEFAULT NULL,
  `updated_at` timestamp NULL DEFAULT NULL,
  PRIMARY KEY (`id`),
  KEY `campaigns_company_id_foreign` (`company_id`),
  CONSTRAINT `campaigns_company_id_foreign` FOREIGN KEY (`company_id`) REFERENCES `companies` (`id`) ON DELETE CASCADE
) ENGINE=InnoDB AUTO_INCREMENT=2 DEFAULT CHARSET=utf8mb4 COLLATE=utf8mb4_unicode_ci;
/*!40101 SET character_set_client = @saved_cs_client */;

--
-- Dumping data for table `campaigns`
--

LOCK TABLES `campaigns` WRITE;
/*!40000 ALTER TABLE `campaigns` DISABLE KEYS */;
INSERT INTO `campaigns` VALUES (1,1,'June export booking window','Secure freezer capacity and export packaging slots for the next seafood run.','2026-05-07','2026-06-01',1,'2026-05-11 23:23:25','2026-05-11 23:23:25');
/*!40000 ALTER TABLE `campaigns` ENABLE KEYS */;
UNLOCK TABLES;

--
-- Table structure for table `categories`
--

DROP TABLE IF EXISTS `categories`;
/*!40101 SET @saved_cs_client     = @@character_set_client */;
/*!40101 SET character_set_client = utf8 */;
CREATE TABLE `categories` (
  `id` bigint(20) unsigned NOT NULL AUTO_INCREMENT,
  `parent_id` bigint(20) unsigned DEFAULT NULL,
  `name` varchar(255) NOT NULL,
  `slug` varchar(255) NOT NULL,
  `description` text DEFAULT NULL,
  `sort_order` int(10) unsigned NOT NULL DEFAULT 0,
  `created_at` timestamp NULL DEFAULT NULL,
  `updated_at` timestamp NULL DEFAULT NULL,
  PRIMARY KEY (`id`),
  UNIQUE KEY `categories_slug_unique` (`slug`),
  KEY `categories_parent_id_foreign` (`parent_id`),
  CONSTRAINT `categories_parent_id_foreign` FOREIGN KEY (`parent_id`) REFERENCES `categories` (`id`) ON DELETE SET NULL
) ENGINE=InnoDB AUTO_INCREMENT=163 DEFAULT CHARSET=utf8mb4 COLLATE=utf8mb4_unicode_ci;
/*!40101 SET character_set_client = @saved_cs_client */;

--
-- Dumping data for table `categories`
--

LOCK TABLES `categories` WRITE;
/*!40000 ALTER TABLE `categories` DISABLE KEYS */;
INSERT INTO `categories` VALUES (1,NULL,'Aquaculture','aquaculture','Aquaculture services and suppliers in the fishery supply chain.',1,'2026-05-11 23:23:24','2026-05-11 23:23:24'),(2,1,'Fish Farming','aquaculture-fish-farming','Fish Farming category inside Aquaculture.',1,'2026-05-11 23:23:24','2026-05-11 23:23:24'),(3,1,'Fish Feed','aquaculture-fish-feed','Fish Feed category inside Aquaculture.',2,'2026-05-11 23:23:24','2026-05-11 23:23:24'),(4,1,'Aquaculture Services','aquaculture-aquaculture-services','Aquaculture Services category inside Aquaculture.',3,'2026-05-11 23:23:24','2026-05-11 23:23:24'),(5,1,'Fish Pump','aquaculture-fish-pump','Fish Pump category inside Aquaculture.',4,'2026-05-11 23:23:24','2026-05-11 23:23:24'),(6,NULL,'Electronics / Communication','electronics-communication','Electronics / Communication services and suppliers in the fishery supply chain.',6,'2026-05-11 23:23:24','2026-05-11 23:23:24'),(7,6,'Communications','electronics-communication-communications','Communications category inside Electronics / Communication.',1,'2026-05-11 23:23:24','2026-05-11 23:23:24'),(8,6,'Computer Software','electronics-communication-computer-software','Computer Software category inside Electronics / Communication.',2,'2026-05-11 23:23:24','2026-05-11 23:23:24'),(9,6,'Computers','electronics-communication-computers','Computers category inside Electronics / Communication.',3,'2026-05-11 23:23:24','2026-05-11 23:23:24'),(10,6,'Control Systems','electronics-communication-control-systems','Control Systems category inside Electronics / Communication.',4,'2026-05-11 23:23:24','2026-05-11 23:23:24'),(11,6,'Electronic Equipment','electronics-communication-electronic-equipment','Electronic Equipment category inside Electronics / Communication.',5,'2026-05-11 23:23:24','2026-05-11 23:23:24'),(12,6,'Electronic Logbooks','electronics-communication-electronic-logbooks','Electronic Logbooks category inside Electronics / Communication.',6,'2026-05-11 23:23:24','2026-05-11 23:23:24'),(13,6,'Electronics','electronics-communication-electronics','Electronics category inside Electronics / Communication.',7,'2026-05-11 23:23:24','2026-05-11 23:23:24'),(14,6,'Fish Finding Equipment','electronics-communication-fish-finding-equipment','Fish Finding Equipment category inside Electronics / Communication.',8,'2026-05-11 23:23:24','2026-05-11 23:23:24'),(15,6,'Navigation Equipment','electronics-communication-navigation-equipment','Navigation Equipment category inside Electronics / Communication.',9,'2026-05-11 23:23:24','2026-05-11 23:23:24'),(16,6,'Radar','electronics-communication-radar','Radar category inside Electronics / Communication.',10,'2026-05-11 23:23:24','2026-05-11 23:23:24'),(17,6,'Sonar Equipment','electronics-communication-sonar-equipment','Sonar Equipment category inside Electronics / Communication.',11,'2026-05-11 23:23:24','2026-05-11 23:23:24'),(18,6,'Telecommunications','electronics-communication-telecommunications','Telecommunications category inside Electronics / Communication.',12,'2026-05-11 23:23:24','2026-05-11 23:23:24'),(19,6,'Weather / Temperature','electronics-communication-weather-temperature','Weather / Temperature category inside Electronics / Communication.',13,'2026-05-11 23:23:24','2026-05-11 23:23:24'),(20,NULL,'Event','event','Event services and suppliers in the fishery supply chain.',20,'2026-05-11 23:23:24','2026-05-11 23:23:24'),(21,20,'Event Management','event-event-management','Event Management category inside Event.',1,'2026-05-11 23:23:24','2026-05-11 23:23:24'),(22,NULL,'Fishing Equipment','fishing-equipment','Fishing Equipment services and suppliers in the fishery supply chain.',22,'2026-05-11 23:23:24','2026-05-11 23:23:24'),(23,22,'Bait','fishing-equipment-bait','Bait category inside Fishing Equipment.',1,'2026-05-11 23:23:24','2026-05-11 23:23:24'),(24,22,'Bobbins','fishing-equipment-bobbins','Bobbins category inside Fishing Equipment.',2,'2026-05-11 23:23:24','2026-05-11 23:23:24'),(25,22,'Buoys','fishing-equipment-buoys','Buoys category inside Fishing Equipment.',3,'2026-05-11 23:23:24','2026-05-11 23:23:24'),(26,22,'Cables','fishing-equipment-cables','Cables category inside Fishing Equipment.',4,'2026-05-11 23:23:24','2026-05-11 23:23:24'),(27,22,'Chains','fishing-equipment-chains','Chains category inside Fishing Equipment.',5,'2026-05-11 23:23:24','2026-05-11 23:23:24'),(28,22,'Fish Catching','fishing-equipment-fish-catching','Fish Catching category inside Fishing Equipment.',6,'2026-05-11 23:23:24','2026-05-11 23:23:24'),(29,22,'Fishhooks','fishing-equipment-fishhooks','Fishhooks category inside Fishing Equipment.',7,'2026-05-11 23:23:24','2026-05-11 23:23:24'),(30,22,'Fishing Gear','fishing-equipment-fishing-gear','Fishing Gear category inside Fishing Equipment.',8,'2026-05-11 23:23:24','2026-05-11 23:23:24'),(31,22,'Jigging Equipment','fishing-equipment-jigging-equipment','Jigging Equipment category inside Fishing Equipment.',9,'2026-05-11 23:23:24','2026-05-11 23:23:24'),(32,22,'Lights','fishing-equipment-lights','Lights category inside Fishing Equipment.',10,'2026-05-11 23:23:24','2026-05-11 23:23:24'),(33,22,'Lines and Longlines','fishing-equipment-lines-and-longlines','Lines and Longlines category inside Fishing Equipment.',11,'2026-05-11 23:23:24','2026-05-11 23:23:24'),(34,22,'Longline Systems','fishing-equipment-longline-systems','Longline Systems category inside Fishing Equipment.',12,'2026-05-11 23:23:24','2026-05-11 23:23:24'),(35,22,'Longlining / Jigging','fishing-equipment-longlining-jigging','Longlining / Jigging category inside Fishing Equipment.',13,'2026-05-11 23:23:24','2026-05-11 23:23:24'),(36,22,'Net and Rope Coatings','fishing-equipment-net-and-rope-coatings','Net and Rope Coatings category inside Fishing Equipment.',14,'2026-05-11 23:23:24','2026-05-11 23:23:24'),(37,22,'Net Rings','fishing-equipment-net-rings','Net Rings category inside Fishing Equipment.',15,'2026-05-11 23:23:24','2026-05-11 23:23:24'),(38,22,'Nets','fishing-equipment-nets','Nets category inside Fishing Equipment.',16,'2026-05-11 23:23:24','2026-05-11 23:23:24'),(39,22,'Purse Seine','fishing-equipment-purse-seine','Purse Seine category inside Fishing Equipment.',17,'2026-05-11 23:23:24','2026-05-11 23:23:24'),(40,22,'Ropes','fishing-equipment-ropes','Ropes category inside Fishing Equipment.',18,'2026-05-11 23:23:24','2026-05-11 23:23:24'),(41,22,'Seining','fishing-equipment-seining','Seining category inside Fishing Equipment.',19,'2026-05-11 23:23:24','2026-05-11 23:23:24'),(42,22,'Trawl Doors','fishing-equipment-trawl-doors','Trawl Doors category inside Fishing Equipment.',20,'2026-05-11 23:23:24','2026-05-11 23:23:24'),(43,22,'Trawl Gear','fishing-equipment-trawl-gear','Trawl Gear category inside Fishing Equipment.',21,'2026-05-11 23:23:24','2026-05-11 23:23:24'),(44,22,'Trawl Makers','fishing-equipment-trawl-makers','Trawl Makers category inside Fishing Equipment.',22,'2026-05-11 23:23:24','2026-05-11 23:23:24'),(45,22,'Trawls','fishing-equipment-trawls','Trawls category inside Fishing Equipment.',23,'2026-05-11 23:23:24','2026-05-11 23:23:24'),(46,22,'Trawls / Nets / Ropes','fishing-equipment-trawls-nets-ropes','Trawls / Nets / Ropes category inside Fishing Equipment.',24,'2026-05-11 23:23:24','2026-05-11 23:23:24'),(47,22,'Twines','fishing-equipment-twines','Twines category inside Fishing Equipment.',25,'2026-05-11 23:23:24','2026-05-11 23:23:24'),(48,22,'Wire and Combination Rope','fishing-equipment-wire-and-combination-rope','Wire and Combination Rope category inside Fishing Equipment.',26,'2026-05-11 23:23:24','2026-05-11 23:23:24'),(49,22,'Yarns','fishing-equipment-yarns','Yarns category inside Fishing Equipment.',27,'2026-05-11 23:23:24','2026-05-11 23:23:24'),(50,NULL,'Fish Handling','fish-handling','Fish Handling services and suppliers in the fishery supply chain.',50,'2026-05-11 23:23:24','2026-05-11 23:23:24'),(51,50,'Boxes / Baskets','fish-handling-boxes-baskets','Boxes / Baskets category inside Fish Handling.',1,'2026-05-11 23:23:24','2026-05-11 23:23:24'),(52,50,'Containers / Storage','fish-handling-containers-storage','Containers / Storage category inside Fish Handling.',2,'2026-05-11 23:23:24','2026-05-11 23:23:24'),(53,50,'Fish Auction','fish-handling-fish-auction','Fish Auction category inside Fish Handling.',3,'2026-05-11 23:23:24','2026-05-11 23:23:24'),(54,50,'Fish Handling','fish-handling-fish-handling','Fish Handling category inside Fish Handling.',4,'2026-05-11 23:23:24','2026-05-11 23:23:24'),(55,50,'Fish Market','fish-handling-fish-market','Fish Market category inside Fish Handling.',5,'2026-05-11 23:23:24','2026-05-11 23:23:24'),(56,50,'Fish Market Support Services','fish-handling-fish-market-support-services','Fish Market Support Services category inside Fish Handling.',6,'2026-05-11 23:23:24','2026-05-11 23:23:24'),(57,50,'Fish Trading','fish-handling-fish-trading','Fish Trading category inside Fish Handling.',7,'2026-05-11 23:23:24','2026-05-11 23:23:24'),(58,50,'Fish Transportation','fish-handling-fish-transportation','Fish Transportation category inside Fish Handling.',8,'2026-05-11 23:23:24','2026-05-11 23:23:24'),(59,50,'Ice Storage','fish-handling-ice-storage','Ice Storage category inside Fish Handling.',9,'2026-05-11 23:23:24','2026-05-11 23:23:24'),(60,50,'Import / Export','fish-handling-import-export','Import / Export category inside Fish Handling.',10,'2026-05-11 23:23:24','2026-05-11 23:23:24'),(61,50,'Refrigerated Transport','fish-handling-refrigerated-transport','Refrigerated Transport category inside Fish Handling.',11,'2026-05-11 23:23:24','2026-05-11 23:23:24'),(62,50,'Shipping / Forwarding / Air Freight','fish-handling-shipping-forwarding-air-freight','Shipping / Forwarding / Air Freight category inside Fish Handling.',12,'2026-05-11 23:23:24','2026-05-11 23:23:24'),(63,50,'Storage Equipment','fish-handling-storage-equipment','Storage Equipment category inside Fish Handling.',13,'2026-05-11 23:23:24','2026-05-11 23:23:24'),(64,50,'Tub Cleaning','fish-handling-tub-cleaning','Tub Cleaning category inside Fish Handling.',14,'2026-05-11 23:23:24','2026-05-11 23:23:24'),(65,50,'Tub Solutions','fish-handling-tub-solutions','Tub Solutions category inside Fish Handling.',15,'2026-05-11 23:23:24','2026-05-11 23:23:24'),(66,NULL,'Organisation','organisation','Organisation services and suppliers in the fishery supply chain.',66,'2026-05-11 23:23:24','2026-05-11 23:23:24'),(67,66,'Certification Bodies','organisation-certification-bodies','Certification Bodies category inside Organisation.',1,'2026-05-11 23:23:24','2026-05-11 23:23:24'),(68,66,'Consultants','organisation-consultants','Consultants category inside Organisation.',2,'2026-05-11 23:23:24','2026-05-11 23:23:24'),(69,66,'Education and Training','organisation-education-and-training','Education and Training category inside Organisation.',3,'2026-05-11 23:23:24','2026-05-11 23:23:24'),(70,66,'Environmental Organisations','organisation-environmental-organisations','Environmental Organisations category inside Organisation.',4,'2026-05-11 23:23:24','2026-05-11 23:23:24'),(71,66,'Fishing Companies','organisation-fishing-companies','Fishing Companies category inside Organisation.',5,'2026-05-11 23:23:24','2026-05-11 23:23:24'),(72,66,'Governmental Departments','organisation-governmental-departments','Governmental Departments category inside Organisation.',6,'2026-05-11 23:23:24','2026-05-11 23:23:24'),(73,66,'Management Consultancy','organisation-management-consultancy','Management Consultancy category inside Organisation.',7,'2026-05-11 23:23:24','2026-05-11 23:23:24'),(74,66,'Marketing','organisation-marketing','Marketing category inside Organisation.',8,'2026-05-11 23:23:24','2026-05-11 23:23:24'),(75,66,'Port Authorities','organisation-port-authorities','Port Authorities category inside Organisation.',9,'2026-05-11 23:23:24','2026-05-11 23:23:24'),(76,66,'Research Organisations','organisation-research-organisations','Research Organisations category inside Organisation.',10,'2026-05-11 23:23:24','2026-05-11 23:23:24'),(77,66,'Ship Brokers','organisation-ship-brokers','Ship Brokers category inside Organisation.',11,'2026-05-11 23:23:24','2026-05-11 23:23:24'),(78,66,'Trade Associations','organisation-trade-associations','Trade Associations category inside Organisation.',12,'2026-05-11 23:23:24','2026-05-11 23:23:24'),(79,66,'NGOs','organisation-ngos','NGOs category inside Organisation.',13,'2026-05-11 23:23:24','2026-05-11 23:23:24'),(80,NULL,'Publication','publication','Publication services and suppliers in the fishery supply chain.',80,'2026-05-11 23:23:24','2026-05-11 23:23:24'),(81,80,'Publication','publication-publication','Publication category inside Publication.',1,'2026-05-11 23:23:24','2026-05-11 23:23:24'),(82,NULL,'Power / Propulsion','power-propulsion','Power / Propulsion services and suppliers in the fishery supply chain.',82,'2026-05-11 23:23:24','2026-05-11 23:23:24'),(83,82,'Bow Thrusters / Bow Thrust Drives','power-propulsion-bow-thrusters-bow-thrust-drives','Bow Thrusters / Bow Thrust Drives category inside Power / Propulsion.',1,'2026-05-11 23:23:24','2026-05-11 23:23:24'),(84,82,'Compressors','power-propulsion-compressors','Compressors category inside Power / Propulsion.',2,'2026-05-11 23:23:24','2026-05-11 23:23:24'),(85,82,'Engines','power-propulsion-engines','Engines category inside Power / Propulsion.',3,'2026-05-11 23:23:24','2026-05-11 23:23:24'),(86,82,'Generators','power-propulsion-generators','Generators category inside Power / Propulsion.',4,'2026-05-11 23:23:24','2026-05-11 23:23:24'),(87,82,'Heat Exchangers','power-propulsion-heat-exchangers','Heat Exchangers category inside Power / Propulsion.',5,'2026-05-11 23:23:24','2026-05-11 23:23:24'),(88,82,'Heat Pumps','power-propulsion-heat-pumps','Heat Pumps category inside Power / Propulsion.',6,'2026-05-11 23:23:24','2026-05-11 23:23:24'),(89,82,'Other Engine Room Equipment','power-propulsion-other-engine-room-equipment','Other Engine Room Equipment category inside Power / Propulsion.',7,'2026-05-11 23:23:24','2026-05-11 23:23:24'),(90,82,'Power','power-propulsion-power','Power category inside Power / Propulsion.',8,'2026-05-11 23:23:24','2026-05-11 23:23:24'),(91,82,'Propellers / Propeller Shafts / Nozzles','power-propulsion-propellers-propeller-shafts-nozzles','Propellers / Propeller Shafts / Nozzles category inside Power / Propulsion.',9,'2026-05-11 23:23:24','2026-05-11 23:23:24'),(92,82,'Propulsion','power-propulsion-propulsion','Propulsion category inside Power / Propulsion.',10,'2026-05-11 23:23:24','2026-05-11 23:23:24'),(93,NULL,'Processing / Refrigeration','processing-refrigeration','Processing / Refrigeration services and suppliers in the fishery supply chain.',93,'2026-05-11 23:23:24','2026-05-11 23:23:24'),(94,93,'Blast Freezer','processing-refrigeration-blast-freezer','Blast Freezer category inside Processing / Refrigeration.',1,'2026-05-11 23:23:24','2026-05-11 23:23:24'),(95,93,'Bone Separators','processing-refrigeration-bone-separators','Bone Separators category inside Processing / Refrigeration.',2,'2026-05-11 23:23:24','2026-05-11 23:23:24'),(96,93,'Chilling Tanks','processing-refrigeration-chilling-tanks','Chilling Tanks category inside Processing / Refrigeration.',3,'2026-05-11 23:23:24','2026-05-11 23:23:24'),(97,93,'Chilling Units','processing-refrigeration-chilling-units','Chilling Units category inside Processing / Refrigeration.',4,'2026-05-11 23:23:24','2026-05-11 23:23:24'),(98,93,'Cold Stores','processing-refrigeration-cold-stores','Cold Stores category inside Processing / Refrigeration.',5,'2026-05-11 23:23:24','2026-05-11 23:23:24'),(99,93,'Conveyor Belts','processing-refrigeration-conveyor-belts','Conveyor Belts category inside Processing / Refrigeration.',6,'2026-05-11 23:23:24','2026-05-11 23:23:24'),(100,93,'Coolers','processing-refrigeration-coolers','Coolers category inside Processing / Refrigeration.',7,'2026-05-11 23:23:24','2026-05-11 23:23:24'),(101,93,'Cutlery / Knives / Steels','processing-refrigeration-cutlery-knives-steels','Cutlery / Knives / Steels category inside Processing / Refrigeration.',8,'2026-05-11 23:23:24','2026-05-11 23:23:24'),(102,93,'Cutting Machines','processing-refrigeration-cutting-machines','Cutting Machines category inside Processing / Refrigeration.',9,'2026-05-11 23:23:24','2026-05-11 23:23:24'),(103,93,'De-icing Equipment','processing-refrigeration-de-icing-equipment','De-icing Equipment category inside Processing / Refrigeration.',10,'2026-05-11 23:23:24','2026-05-11 23:23:24'),(104,93,'De-scaling','processing-refrigeration-de-scaling','De-scaling category inside Processing / Refrigeration.',11,'2026-05-11 23:23:24','2026-05-11 23:23:24'),(105,93,'Filleting','processing-refrigeration-filleting','Filleting category inside Processing / Refrigeration.',12,'2026-05-11 23:23:24','2026-05-11 23:23:24'),(106,93,'Fish Head Processing','processing-refrigeration-fish-head-processing','Fish Head Processing category inside Processing / Refrigeration.',13,'2026-05-11 23:23:24','2026-05-11 23:23:24'),(107,93,'Fish Oil','processing-refrigeration-fish-oil','Fish Oil category inside Processing / Refrigeration.',14,'2026-05-11 23:23:24','2026-05-11 23:23:24'),(108,93,'Fish Processing Equipment - Used','processing-refrigeration-fish-processing-equipment-used','Fish Processing Equipment - Used category inside Processing / Refrigeration.',15,'2026-05-11 23:23:24','2026-05-11 23:23:24'),(109,93,'Grading','processing-refrigeration-grading','Grading category inside Processing / Refrigeration.',16,'2026-05-11 23:23:24','2026-05-11 23:23:24'),(110,93,'Gutting','processing-refrigeration-gutting','Gutting category inside Processing / Refrigeration.',17,'2026-05-11 23:23:24','2026-05-11 23:23:24'),(111,93,'Ice','processing-refrigeration-ice','Ice category inside Processing / Refrigeration.',18,'2026-05-11 23:23:24','2026-05-11 23:23:24'),(112,93,'IQ Freezing','processing-refrigeration-iq-freezing','IQ Freezing category inside Processing / Refrigeration.',19,'2026-05-11 23:23:24','2026-05-11 23:23:24'),(113,93,'Onboard Processing','processing-refrigeration-onboard-processing','Onboard Processing category inside Processing / Refrigeration.',20,'2026-05-11 23:23:24','2026-05-11 23:23:24'),(114,93,'Packaging','processing-refrigeration-packaging','Packaging category inside Processing / Refrigeration.',21,'2026-05-11 23:23:24','2026-05-11 23:23:24'),(115,93,'Packets','processing-refrigeration-packets','Packets category inside Processing / Refrigeration.',22,'2026-05-11 23:23:24','2026-05-11 23:23:24'),(116,93,'Plate Freezers','processing-refrigeration-plate-freezers','Plate Freezers category inside Processing / Refrigeration.',23,'2026-05-11 23:23:24','2026-05-11 23:23:24'),(117,93,'Processing Machinery','processing-refrigeration-processing-machinery','Processing Machinery category inside Processing / Refrigeration.',24,'2026-05-11 23:23:24','2026-05-11 23:23:24'),(118,93,'Refrigeration','processing-refrigeration-refrigeration','Refrigeration category inside Processing / Refrigeration.',25,'2026-05-11 23:23:24','2026-05-11 23:23:24'),(119,93,'RSW Systems','processing-refrigeration-rsw-systems','RSW Systems category inside Processing / Refrigeration.',26,'2026-05-11 23:23:24','2026-05-11 23:23:24'),(120,93,'Scales','processing-refrigeration-scales','Scales category inside Processing / Refrigeration.',27,'2026-05-11 23:23:24','2026-05-11 23:23:24'),(121,93,'Skinning Machines','processing-refrigeration-skinning-machines','Skinning Machines category inside Processing / Refrigeration.',28,'2026-05-11 23:23:24','2026-05-11 23:23:24'),(122,93,'Slurry Ice','processing-refrigeration-slurry-ice','Slurry Ice category inside Processing / Refrigeration.',29,'2026-05-11 23:23:24','2026-05-11 23:23:24'),(123,93,'Smoking / Drying Equipment','processing-refrigeration-smoking-drying-equipment','Smoking / Drying Equipment category inside Processing / Refrigeration.',30,'2026-05-11 23:23:24','2026-05-11 23:23:24'),(124,93,'Sorting','processing-refrigeration-sorting','Sorting category inside Processing / Refrigeration.',31,'2026-05-11 23:23:24','2026-05-11 23:23:24'),(125,93,'Thawing Equipment','processing-refrigeration-thawing-equipment','Thawing Equipment category inside Processing / Refrigeration.',32,'2026-05-11 23:23:24','2026-05-11 23:23:24'),(126,93,'Washing Machines','processing-refrigeration-washing-machines','Washing Machines category inside Processing / Refrigeration.',33,'2026-05-11 23:23:24','2026-05-11 23:23:24'),(127,93,'Weighing / Grading / Sorting','processing-refrigeration-weighing-grading-sorting','Weighing / Grading / Sorting category inside Processing / Refrigeration.',34,'2026-05-11 23:23:24','2026-05-11 23:23:24'),(128,93,'Weighing Equipment','processing-refrigeration-weighing-equipment','Weighing Equipment category inside Processing / Refrigeration.',35,'2026-05-11 23:23:24','2026-05-11 23:23:24'),(129,NULL,'Safety','safety','Safety services and suppliers in the fishery supply chain.',129,'2026-05-11 23:23:24','2026-05-11 23:23:24'),(130,129,'Clothing','safety-clothing','Clothing category inside Safety.',1,'2026-05-11 23:23:24','2026-05-11 23:23:24'),(131,129,'Fire Fighting Equipment','safety-fire-fighting-equipment','Fire Fighting Equipment category inside Safety.',2,'2026-05-11 23:23:24','2026-05-11 23:23:24'),(132,129,'Floats and Buoyancy Devices','safety-floats-and-buoyancy-devices','Floats and Buoyancy Devices category inside Safety.',3,'2026-05-11 23:23:24','2026-05-11 23:23:24'),(133,129,'Lighting','safety-lighting','Lighting category inside Safety.',4,'2026-05-11 23:23:24','2026-05-11 23:23:24'),(134,129,'Man Overboard Recovery Systems','safety-man-overboard-recovery-systems','Man Overboard Recovery Systems category inside Safety.',5,'2026-05-11 23:23:24','2026-05-11 23:23:24'),(135,129,'Protective Gloves','safety-protective-gloves','Protective Gloves category inside Safety.',6,'2026-05-11 23:23:24','2026-05-11 23:23:24'),(136,129,'Safety Equipment','safety-safety-equipment','Safety Equipment category inside Safety.',7,'2026-05-11 23:23:24','2026-05-11 23:23:24'),(137,129,'Security Equipment','safety-security-equipment','Security Equipment category inside Safety.',8,'2026-05-11 23:23:24','2026-05-11 23:23:24'),(138,NULL,'Vessel / Shipyard','vessel-shipyard','Vessel / Shipyard services and suppliers in the fishery supply chain.',138,'2026-05-11 23:23:24','2026-05-11 23:23:24'),(139,138,'Anchors','vessel-shipyard-anchors','Anchors category inside Vessel / Shipyard.',1,'2026-05-11 23:23:24','2026-05-11 23:23:24'),(140,138,'Chains and Fittings','vessel-shipyard-chains-and-fittings','Chains and Fittings category inside Vessel / Shipyard.',2,'2026-05-11 23:23:24','2026-05-11 23:23:24'),(141,138,'Cleaning Equipment / Products','vessel-shipyard-cleaning-equipment-products','Cleaning Equipment / Products category inside Vessel / Shipyard.',3,'2026-05-11 23:23:24','2026-05-11 23:23:24'),(142,138,'Coatings','vessel-shipyard-coatings','Coatings category inside Vessel / Shipyard.',4,'2026-05-11 23:23:24','2026-05-11 23:23:24'),(143,138,'Cranes','vessel-shipyard-cranes','Cranes category inside Vessel / Shipyard.',5,'2026-05-11 23:23:24','2026-05-11 23:23:24'),(144,138,'Deck Coverings','vessel-shipyard-deck-coverings','Deck Coverings category inside Vessel / Shipyard.',6,'2026-05-11 23:23:24','2026-05-11 23:23:24'),(145,138,'Deck Machinery','vessel-shipyard-deck-machinery','Deck Machinery category inside Vessel / Shipyard.',7,'2026-05-11 23:23:24','2026-05-11 23:23:24'),(146,138,'Fish Pumps','vessel-shipyard-fish-pumps','Fish Pumps category inside Vessel / Shipyard.',8,'2026-05-11 23:23:24','2026-05-11 23:23:24'),(147,138,'Galley Equipment','vessel-shipyard-galley-equipment','Galley Equipment category inside Vessel / Shipyard.',9,'2026-05-11 23:23:24','2026-05-11 23:23:24'),(148,138,'Heating, Venting and Air Conditioning (HVAC)','vessel-shipyard-heating-venting-and-air-conditioning-hvac','Heating, Venting and Air Conditioning (HVAC) category inside Vessel / Shipyard.',10,'2026-05-11 23:23:24','2026-05-11 23:23:24'),(149,138,'Hoists','vessel-shipyard-hoists','Hoists category inside Vessel / Shipyard.',11,'2026-05-11 23:23:24','2026-05-11 23:23:24'),(150,138,'Hydraulic Equipment','vessel-shipyard-hydraulic-equipment','Hydraulic Equipment category inside Vessel / Shipyard.',12,'2026-05-11 23:23:24','2026-05-11 23:23:24'),(151,138,'Maintenance','vessel-shipyard-maintenance','Maintenance category inside Vessel / Shipyard.',13,'2026-05-11 23:23:24','2026-05-11 23:23:24'),(152,138,'Marine Equipment','vessel-shipyard-marine-equipment','Marine Equipment category inside Vessel / Shipyard.',14,'2026-05-11 23:23:24','2026-05-11 23:23:24'),(153,138,'Net Drums','vessel-shipyard-net-drums','Net Drums category inside Vessel / Shipyard.',15,'2026-05-11 23:23:24','2026-05-11 23:23:24'),(154,138,'Ship Design','vessel-shipyard-ship-design','Ship Design category inside Vessel / Shipyard.',16,'2026-05-11 23:23:24','2026-05-11 23:23:24'),(155,138,'Ship Repair / Conversion','vessel-shipyard-ship-repair-conversion','Ship Repair / Conversion category inside Vessel / Shipyard.',17,'2026-05-11 23:23:24','2026-05-11 23:23:24'),(156,138,'Shipbuilders','vessel-shipyard-shipbuilders','Shipbuilders category inside Vessel / Shipyard.',18,'2026-05-11 23:23:24','2026-05-11 23:23:24'),(157,138,'Shipyards','vessel-shipyard-shipyards','Shipyards category inside Vessel / Shipyard.',19,'2026-05-11 23:23:24','2026-05-11 23:23:24'),(158,138,'Vessel Builders','vessel-shipyard-vessel-builders','Vessel Builders category inside Vessel / Shipyard.',20,'2026-05-11 23:23:24','2026-05-11 23:23:24'),(159,138,'Vessel Building Materials','vessel-shipyard-vessel-building-materials','Vessel Building Materials category inside Vessel / Shipyard.',21,'2026-05-11 23:23:24','2026-05-11 23:23:24'),(160,138,'Vessels','vessel-shipyard-vessels','Vessels category inside Vessel / Shipyard.',22,'2026-05-11 23:23:24','2026-05-11 23:23:24'),(161,138,'Welding Equipment','vessel-shipyard-welding-equipment','Welding Equipment category inside Vessel / Shipyard.',23,'2026-05-11 23:23:24','2026-05-11 23:23:24'),(162,138,'Winches','vessel-shipyard-winches','Winches category inside Vessel / Shipyard.',24,'2026-05-11 23:23:24','2026-05-11 23:23:24');
/*!40000 ALTER TABLE `categories` ENABLE KEYS */;
UNLOCK TABLES;

--
-- Table structure for table `category_company`
--

DROP TABLE IF EXISTS `category_company`;
/*!40101 SET @saved_cs_client     = @@character_set_client */;
/*!40101 SET character_set_client = utf8 */;
CREATE TABLE `category_company` (
  `id` bigint(20) unsigned NOT NULL AUTO_INCREMENT,
  `category_id` bigint(20) unsigned NOT NULL,
  `company_id` bigint(20) unsigned NOT NULL,
  `created_at` timestamp NULL DEFAULT NULL,
  `updated_at` timestamp NULL DEFAULT NULL,
  PRIMARY KEY (`id`),
  UNIQUE KEY `category_company_category_id_company_id_unique` (`category_id`,`company_id`),
  KEY `category_company_company_id_foreign` (`company_id`),
  CONSTRAINT `category_company_category_id_foreign` FOREIGN KEY (`category_id`) REFERENCES `categories` (`id`) ON DELETE CASCADE,
  CONSTRAINT `category_company_company_id_foreign` FOREIGN KEY (`company_id`) REFERENCES `companies` (`id`) ON DELETE CASCADE
) ENGINE=InnoDB AUTO_INCREMENT=217 DEFAULT CHARSET=utf8mb4 COLLATE=utf8mb4_unicode_ci;
/*!40101 SET character_set_client = @saved_cs_client */;

--
-- Dumping data for table `category_company`
--

LOCK TABLES `category_company` WRITE;
/*!40000 ALTER TABLE `category_company` DISABLE KEYS */;
INSERT INTO `category_company` VALUES (1,57,1,'2026-05-11 23:23:25','2026-05-11 23:23:25'),(2,94,1,'2026-05-11 23:23:25','2026-05-11 23:23:25'),(3,105,1,'2026-05-11 23:23:25','2026-05-11 23:23:25'),(4,107,1,'2026-05-11 23:23:25','2026-05-11 23:23:25'),(5,114,1,'2026-05-11 23:23:25','2026-05-11 23:23:25'),(6,11,2,'2026-05-11 23:23:25','2026-05-11 23:23:25'),(7,14,2,'2026-05-11 23:23:25','2026-05-11 23:23:25'),(8,15,2,'2026-05-11 23:23:25','2026-05-11 23:23:25'),(9,16,2,'2026-05-11 23:23:25','2026-05-11 23:23:25'),(10,17,2,'2026-05-11 23:23:25','2026-05-11 23:23:25'),(11,152,2,'2026-05-11 23:23:25','2026-05-11 23:23:25'),(12,59,3,'2026-05-11 23:23:25','2026-05-11 23:23:25'),(13,61,3,'2026-05-11 23:23:25','2026-05-11 23:23:25'),(14,63,3,'2026-05-11 23:23:25','2026-05-11 23:23:25'),(15,98,3,'2026-05-11 23:23:25','2026-05-11 23:23:25'),(16,111,3,'2026-05-11 23:23:25','2026-05-11 23:23:25'),(17,118,3,'2026-05-11 23:23:25','2026-05-11 23:23:25'),(18,58,4,'2026-05-13 00:25:22','2026-05-13 00:25:22'),(19,104,4,'2026-05-13 00:25:22','2026-05-13 00:25:22'),(20,114,4,'2026-05-13 00:25:22','2026-05-13 00:25:22'),(21,15,5,'2026-05-13 00:25:23','2026-05-13 00:25:23'),(22,34,5,'2026-05-13 00:25:23','2026-05-13 00:25:23'),(23,51,5,'2026-05-13 00:25:23','2026-05-13 00:25:23'),(24,19,6,'2026-05-13 00:25:23','2026-05-13 00:25:23'),(25,87,6,'2026-05-13 00:25:23','2026-05-13 00:25:23'),(26,127,6,'2026-05-13 00:25:23','2026-05-13 00:25:23'),(27,115,7,'2026-05-13 00:25:23','2026-05-13 00:25:23'),(28,139,7,'2026-05-13 00:25:23','2026-05-13 00:25:23'),(29,148,8,'2026-05-13 00:25:23','2026-05-13 00:25:23'),(30,53,9,'2026-05-13 00:25:23','2026-05-13 00:25:23'),(31,93,9,'2026-05-13 00:25:23','2026-05-13 00:25:23'),(32,112,9,'2026-05-13 00:25:23','2026-05-13 00:25:23'),(33,51,10,'2026-05-13 00:25:23','2026-05-13 00:25:23'),(34,58,10,'2026-05-13 00:25:23','2026-05-13 00:25:23'),(35,20,11,'2026-05-13 00:25:23','2026-05-13 00:25:23'),(36,62,11,'2026-05-13 00:25:23','2026-05-13 00:25:23'),(37,76,12,'2026-05-13 00:25:23','2026-05-13 00:25:23'),(38,86,12,'2026-05-13 00:25:23','2026-05-13 00:25:23'),(39,41,13,'2026-05-13 00:25:23','2026-05-13 00:25:23'),(40,91,13,'2026-05-13 00:25:23','2026-05-13 00:25:23'),(41,75,14,'2026-05-13 00:25:23','2026-05-13 00:25:23'),(42,47,15,'2026-05-13 00:25:23','2026-05-13 00:25:23'),(43,81,16,'2026-05-13 00:25:23','2026-05-13 00:25:23'),(44,84,16,'2026-05-13 00:25:23','2026-05-13 00:25:23'),(45,132,16,'2026-05-13 00:25:23','2026-05-13 00:25:23'),(46,72,17,'2026-05-13 00:25:23','2026-05-13 00:25:23'),(47,85,17,'2026-05-13 00:25:23','2026-05-13 00:25:23'),(48,119,17,'2026-05-13 00:25:23','2026-05-13 00:25:23'),(49,107,18,'2026-05-13 00:25:23','2026-05-13 00:25:23'),(50,152,19,'2026-05-13 00:25:23','2026-05-13 00:25:23'),(51,6,20,'2026-05-13 00:25:23','2026-05-13 00:25:23'),(52,63,20,'2026-05-13 00:25:23','2026-05-13 00:25:23'),(53,32,21,'2026-05-13 00:25:23','2026-05-13 00:25:23'),(54,34,21,'2026-05-13 00:25:23','2026-05-13 00:25:23'),(55,138,21,'2026-05-13 00:25:23','2026-05-13 00:25:23'),(56,42,22,'2026-05-13 00:25:23','2026-05-13 00:25:23'),(57,73,23,'2026-05-13 00:25:23','2026-05-13 00:25:23'),(58,81,23,'2026-05-13 00:25:23','2026-05-13 00:25:23'),(59,159,23,'2026-05-13 00:25:23','2026-05-13 00:25:23'),(60,6,24,'2026-05-13 00:25:23','2026-05-13 00:25:23'),(61,119,24,'2026-05-13 00:25:23','2026-05-13 00:25:23'),(62,8,25,'2026-05-13 00:25:23','2026-05-13 00:25:23'),(63,22,25,'2026-05-13 00:25:23','2026-05-13 00:25:23'),(64,126,25,'2026-05-13 00:25:23','2026-05-13 00:25:23'),(65,61,26,'2026-05-13 00:25:23','2026-05-13 00:25:23'),(66,156,26,'2026-05-13 00:25:23','2026-05-13 00:25:23'),(67,15,27,'2026-05-13 00:25:23','2026-05-13 00:25:23'),(68,34,27,'2026-05-13 00:25:23','2026-05-13 00:25:23'),(69,84,27,'2026-05-13 00:25:23','2026-05-13 00:25:23'),(70,26,28,'2026-05-13 00:25:23','2026-05-13 00:25:23'),(71,89,28,'2026-05-13 00:25:23','2026-05-13 00:25:23'),(72,129,29,'2026-05-13 00:25:23','2026-05-13 00:25:23'),(73,35,30,'2026-05-13 00:25:23','2026-05-13 00:25:23'),(74,41,30,'2026-05-13 00:25:23','2026-05-13 00:25:23'),(75,144,31,'2026-05-13 00:25:23','2026-05-13 00:25:23'),(76,154,31,'2026-05-13 00:25:23','2026-05-13 00:25:23'),(77,83,32,'2026-05-13 00:25:23','2026-05-13 00:25:23'),(78,154,32,'2026-05-13 00:25:23','2026-05-13 00:25:23'),(79,3,33,'2026-05-13 00:25:23','2026-05-13 00:25:23'),(80,114,34,'2026-05-13 00:25:23','2026-05-13 00:25:23'),(81,115,35,'2026-05-13 00:25:23','2026-05-13 00:25:23'),(82,127,36,'2026-05-13 00:25:23','2026-05-13 00:25:23'),(83,158,36,'2026-05-13 00:25:23','2026-05-13 00:25:23'),(84,83,37,'2026-05-13 00:25:23','2026-05-13 00:25:23'),(85,1,38,'2026-05-13 00:25:23','2026-05-13 00:25:23'),(86,144,38,'2026-05-13 00:25:23','2026-05-13 00:25:23'),(87,91,39,'2026-05-13 00:25:23','2026-05-13 00:25:23'),(88,112,39,'2026-05-13 00:25:23','2026-05-13 00:25:23'),(89,134,40,'2026-05-13 00:25:23','2026-05-13 00:25:23'),(90,62,41,'2026-05-13 00:25:23','2026-05-13 00:25:23'),(91,132,41,'2026-05-13 00:25:23','2026-05-13 00:25:23'),(92,134,42,'2026-05-13 00:25:23','2026-05-13 00:25:23'),(93,19,43,'2026-05-13 00:25:23','2026-05-13 00:25:23'),(94,31,43,'2026-05-13 00:25:23','2026-05-13 00:25:23'),(95,141,44,'2026-05-13 00:25:23','2026-05-13 00:25:23'),(96,92,45,'2026-05-13 00:25:23','2026-05-13 00:25:23'),(97,112,45,'2026-05-13 00:25:23','2026-05-13 00:25:23'),(98,107,46,'2026-05-13 00:25:23','2026-05-13 00:25:23'),(99,25,47,'2026-05-13 00:25:23','2026-05-13 00:25:23'),(100,29,48,'2026-05-13 00:25:23','2026-05-13 00:25:23'),(101,19,49,'2026-05-13 00:25:23','2026-05-13 00:25:23'),(102,98,49,'2026-05-13 00:25:23','2026-05-13 00:25:23'),(103,65,50,'2026-05-13 00:25:23','2026-05-13 00:25:23'),(104,100,50,'2026-05-13 00:25:23','2026-05-13 00:25:23'),(105,124,50,'2026-05-13 00:25:23','2026-05-13 00:25:23'),(106,24,51,'2026-05-13 00:25:23','2026-05-13 00:25:23'),(107,79,52,'2026-05-13 00:25:23','2026-05-13 00:25:23'),(108,116,52,'2026-05-13 00:25:23','2026-05-13 00:25:23'),(109,47,53,'2026-05-13 00:25:23','2026-05-13 00:25:23'),(110,55,53,'2026-05-13 00:25:23','2026-05-13 00:25:23'),(111,40,54,'2026-05-13 00:25:23','2026-05-13 00:25:23'),(112,104,54,'2026-05-13 00:25:23','2026-05-13 00:25:23'),(113,31,55,'2026-05-13 00:25:23','2026-05-13 00:25:23'),(114,83,55,'2026-05-13 00:25:23','2026-05-13 00:25:23'),(115,28,56,'2026-05-13 00:25:23','2026-05-13 00:25:23'),(116,105,56,'2026-05-13 00:25:23','2026-05-13 00:25:23'),(117,120,57,'2026-05-13 00:25:23','2026-05-13 00:25:23'),(118,52,58,'2026-05-13 00:25:23','2026-05-13 00:25:23'),(119,117,59,'2026-05-13 00:25:23','2026-05-13 00:25:23'),(120,146,59,'2026-05-13 00:25:23','2026-05-13 00:25:23'),(121,87,60,'2026-05-13 00:25:23','2026-05-13 00:25:23'),(122,25,61,'2026-05-13 00:25:23','2026-05-13 00:25:23'),(123,52,61,'2026-05-13 00:25:23','2026-05-13 00:25:23'),(124,99,61,'2026-05-13 00:25:23','2026-05-13 00:25:23'),(125,22,62,'2026-05-13 00:25:23','2026-05-13 00:25:23'),(126,32,62,'2026-05-13 00:25:23','2026-05-13 00:25:23'),(127,148,62,'2026-05-13 00:25:23','2026-05-13 00:25:23'),(128,17,63,'2026-05-13 00:25:23','2026-05-13 00:25:23'),(129,133,63,'2026-05-13 00:25:23','2026-05-13 00:25:23'),(130,135,63,'2026-05-13 00:25:23','2026-05-13 00:25:23'),(131,7,64,'2026-05-13 00:25:23','2026-05-13 00:25:23'),(132,133,64,'2026-05-13 00:25:23','2026-05-13 00:25:23'),(133,71,65,'2026-05-13 00:25:23','2026-05-13 00:25:23'),(134,146,65,'2026-05-13 00:25:23','2026-05-13 00:25:23'),(135,5,66,'2026-05-13 00:25:23','2026-05-13 00:25:23'),(136,105,67,'2026-05-13 00:25:23','2026-05-13 00:25:23'),(137,157,67,'2026-05-13 00:25:23','2026-05-13 00:25:23'),(138,35,68,'2026-05-13 00:25:23','2026-05-13 00:25:23'),(139,52,68,'2026-05-13 00:25:23','2026-05-13 00:25:23'),(140,156,68,'2026-05-13 00:25:23','2026-05-13 00:25:23'),(141,131,69,'2026-05-13 00:25:23','2026-05-13 00:25:23'),(142,136,69,'2026-05-13 00:25:23','2026-05-13 00:25:23'),(143,44,70,'2026-05-13 00:25:23','2026-05-13 00:25:23'),(144,46,70,'2026-05-13 00:25:23','2026-05-13 00:25:23'),(145,84,71,'2026-05-13 00:25:23','2026-05-13 00:25:23'),(146,120,71,'2026-05-13 00:25:23','2026-05-13 00:25:23'),(147,64,72,'2026-05-13 00:25:23','2026-05-13 00:25:23'),(148,99,72,'2026-05-13 00:25:23','2026-05-13 00:25:23'),(149,137,73,'2026-05-13 00:25:23','2026-05-13 00:25:23'),(150,29,74,'2026-05-13 00:25:23','2026-05-13 00:25:23'),(151,102,74,'2026-05-13 00:25:23','2026-05-13 00:25:23'),(152,118,74,'2026-05-13 00:25:23','2026-05-13 00:25:23'),(153,138,75,'2026-05-13 00:25:23','2026-05-13 00:25:23'),(154,160,75,'2026-05-13 00:25:23','2026-05-13 00:25:23'),(155,23,76,'2026-05-13 00:25:23','2026-05-13 00:25:23'),(156,97,76,'2026-05-13 00:25:23','2026-05-13 00:25:23'),(157,153,76,'2026-05-13 00:25:23','2026-05-13 00:25:23'),(158,41,77,'2026-05-13 00:25:23','2026-05-13 00:25:23'),(159,129,77,'2026-05-13 00:25:23','2026-05-13 00:25:23'),(160,80,78,'2026-05-13 00:25:23','2026-05-13 00:25:23'),(161,24,79,'2026-05-13 00:25:23','2026-05-13 00:25:23'),(162,162,79,'2026-05-13 00:25:23','2026-05-13 00:25:23'),(163,83,80,'2026-05-13 00:25:23','2026-05-13 00:25:23'),(164,109,80,'2026-05-13 00:25:23','2026-05-13 00:25:23'),(165,130,80,'2026-05-13 00:25:23','2026-05-13 00:25:23'),(166,7,81,'2026-05-13 00:25:23','2026-05-13 00:25:23'),(167,33,81,'2026-05-13 00:25:23','2026-05-13 00:25:23'),(168,131,81,'2026-05-13 00:25:23','2026-05-13 00:25:23'),(169,59,82,'2026-05-13 00:25:23','2026-05-13 00:25:23'),(170,37,83,'2026-05-13 00:25:23','2026-05-13 00:25:23'),(171,47,83,'2026-05-13 00:25:23','2026-05-13 00:25:23'),(172,125,83,'2026-05-13 00:25:23','2026-05-13 00:25:23'),(173,13,84,'2026-05-13 00:25:23','2026-05-13 00:25:23'),(174,17,84,'2026-05-13 00:25:23','2026-05-13 00:25:23'),(175,155,84,'2026-05-13 00:25:23','2026-05-13 00:25:23'),(176,50,85,'2026-05-13 00:25:23','2026-05-13 00:25:23'),(177,58,85,'2026-05-13 00:25:23','2026-05-13 00:25:23'),(178,5,86,'2026-05-13 00:25:23','2026-05-13 00:25:23'),(179,90,86,'2026-05-13 00:25:23','2026-05-13 00:25:23'),(180,153,86,'2026-05-13 00:25:23','2026-05-13 00:25:23'),(181,48,87,'2026-05-13 00:25:23','2026-05-13 00:25:23'),(182,83,87,'2026-05-13 00:25:23','2026-05-13 00:25:23'),(183,144,87,'2026-05-13 00:25:23','2026-05-13 00:25:23'),(184,1,88,'2026-05-13 00:25:23','2026-05-13 00:25:23'),(185,64,89,'2026-05-13 00:25:23','2026-05-13 00:25:23'),(186,84,89,'2026-05-13 00:25:23','2026-05-13 00:25:23'),(187,106,90,'2026-05-13 00:25:23','2026-05-13 00:25:23'),(188,110,90,'2026-05-13 00:25:23','2026-05-13 00:25:23'),(189,46,91,'2026-05-13 00:25:23','2026-05-13 00:25:23'),(190,122,91,'2026-05-13 00:25:23','2026-05-13 00:25:23'),(191,1,92,'2026-05-13 00:25:23','2026-05-13 00:25:23'),(192,134,92,'2026-05-13 00:25:23','2026-05-13 00:25:23'),(193,38,93,'2026-05-13 00:25:23','2026-05-13 00:25:23'),(194,47,93,'2026-05-13 00:25:23','2026-05-13 00:25:23'),(195,118,93,'2026-05-13 00:25:23','2026-05-13 00:25:23'),(196,1,94,'2026-05-13 00:25:23','2026-05-13 00:25:23'),(197,109,94,'2026-05-13 00:25:23','2026-05-13 00:25:23'),(198,22,95,'2026-05-13 00:25:23','2026-05-13 00:25:23'),(199,29,95,'2026-05-13 00:25:23','2026-05-13 00:25:23'),(200,35,95,'2026-05-13 00:25:23','2026-05-13 00:25:23'),(201,37,96,'2026-05-13 00:25:23','2026-05-13 00:25:23'),(202,102,96,'2026-05-13 00:25:23','2026-05-13 00:25:23'),(203,58,97,'2026-05-13 00:25:23','2026-05-13 00:25:23'),(204,94,98,'2026-05-13 00:25:23','2026-05-13 00:25:23'),(205,38,99,'2026-05-13 00:25:23','2026-05-13 00:25:23'),(206,84,99,'2026-05-13 00:25:23','2026-05-13 00:25:23'),(207,111,99,'2026-05-13 00:25:23','2026-05-13 00:25:23'),(208,45,100,'2026-05-13 00:25:23','2026-05-13 00:25:23'),(209,23,101,'2026-05-13 00:25:23','2026-05-13 00:25:23'),(210,83,101,'2026-05-13 00:25:23','2026-05-13 00:25:23'),(211,118,101,'2026-05-13 00:25:23','2026-05-13 00:25:23'),(212,21,102,'2026-05-13 00:25:23','2026-05-13 00:25:23'),(213,84,102,'2026-05-13 00:25:23','2026-05-13 00:25:23'),(214,30,103,'2026-05-13 00:25:23','2026-05-13 00:25:23'),(215,89,103,'2026-05-13 00:25:23','2026-05-13 00:25:23'),(216,156,103,'2026-05-13 00:25:23','2026-05-13 00:25:23');
/*!40000 ALTER TABLE `category_company` ENABLE KEYS */;
UNLOCK TABLES;

--
-- Table structure for table `category_user`
--

DROP TABLE IF EXISTS `category_user`;
/*!40101 SET @saved_cs_client     = @@character_set_client */;
/*!40101 SET character_set_client = utf8 */;
CREATE TABLE `category_user` (
  `id` bigint(20) unsigned NOT NULL AUTO_INCREMENT,
  `user_id` bigint(20) unsigned NOT NULL,
  `user_category_id` bigint(20) unsigned NOT NULL,
  `created_at` timestamp NULL DEFAULT NULL,
  `updated_at` timestamp NULL DEFAULT NULL,
  PRIMARY KEY (`id`),
  UNIQUE KEY `category_user_user_id_user_category_id_unique` (`user_id`,`user_category_id`),
  KEY `category_user_user_category_id_foreign` (`user_category_id`),
  CONSTRAINT `category_user_user_category_id_foreign` FOREIGN KEY (`user_category_id`) REFERENCES `user_categories` (`id`) ON DELETE CASCADE,
  CONSTRAINT `category_user_user_id_foreign` FOREIGN KEY (`user_id`) REFERENCES `users` (`id`) ON DELETE CASCADE
) ENGINE=InnoDB DEFAULT CHARSET=utf8mb4 COLLATE=utf8mb4_unicode_ci;
/*!40101 SET character_set_client = @saved_cs_client */;

--
-- Dumping data for table `category_user`
--

LOCK TABLES `category_user` WRITE;
/*!40000 ALTER TABLE `category_user` DISABLE KEYS */;
/*!40000 ALTER TABLE `category_user` ENABLE KEYS */;
UNLOCK TABLES;

--
-- Table structure for table `claim_requests`
--

DROP TABLE IF EXISTS `claim_requests`;
/*!40101 SET @saved_cs_client     = @@character_set_client */;
/*!40101 SET character_set_client = utf8 */;
CREATE TABLE `claim_requests` (
  `id` bigint(20) unsigned NOT NULL AUTO_INCREMENT,
  `company_id` bigint(20) unsigned NOT NULL,
  `user_id` bigint(20) unsigned NOT NULL,
  `status` varchar(255) NOT NULL DEFAULT 'pending',
  `message` text DEFAULT NULL,
  `reviewed_at` timestamp NULL DEFAULT NULL,
  `created_at` timestamp NULL DEFAULT NULL,
  `updated_at` timestamp NULL DEFAULT NULL,
  PRIMARY KEY (`id`),
  KEY `claim_requests_company_id_foreign` (`company_id`),
  KEY `claim_requests_user_id_foreign` (`user_id`),
  CONSTRAINT `claim_requests_company_id_foreign` FOREIGN KEY (`company_id`) REFERENCES `companies` (`id`) ON DELETE CASCADE,
  CONSTRAINT `claim_requests_user_id_foreign` FOREIGN KEY (`user_id`) REFERENCES `users` (`id`) ON DELETE CASCADE
) ENGINE=InnoDB DEFAULT CHARSET=utf8mb4 COLLATE=utf8mb4_unicode_ci;
/*!40101 SET character_set_client = @saved_cs_client */;

--
-- Dumping data for table `claim_requests`
--

LOCK TABLES `claim_requests` WRITE;
/*!40000 ALTER TABLE `claim_requests` DISABLE KEYS */;
/*!40000 ALTER TABLE `claim_requests` ENABLE KEYS */;
UNLOCK TABLES;

--
-- Table structure for table `companies`
--

DROP TABLE IF EXISTS `companies`;
/*!40101 SET @saved_cs_client     = @@character_set_client */;
/*!40101 SET character_set_client = utf8 */;
CREATE TABLE `companies` (
  `id` bigint(20) unsigned NOT NULL AUTO_INCREMENT,
  `claimed_by_user_id` bigint(20) unsigned DEFAULT NULL,
  `name` varchar(255) NOT NULL,
  `slug` varchar(255) NOT NULL,
  `status` varchar(255) NOT NULL DEFAULT 'unclaimed',
  `location` varchar(255) DEFAULT NULL,
  `address` text DEFAULT NULL,
  `delivery_coverage` varchar(255) DEFAULT NULL,
  `operating_hours` varchar(255) DEFAULT NULL,
  `latitude` decimal(10,7) DEFAULT NULL,
  `longitude` decimal(10,7) DEFAULT NULL,
  `company_type` varchar(255) DEFAULT NULL,
  `supplier_type` varchar(255) DEFAULT NULL,
  `contact_email` varchar(255) DEFAULT NULL,
  `contact_phone` varchar(255) DEFAULT NULL,
  `whatsapp` varchar(255) DEFAULT NULL,
  `website` varchar(255) DEFAULT NULL,
  `hero_image` varchar(255) DEFAULT NULL,
  `logo` varchar(255) DEFAULT NULL,
  `summary` text DEFAULT NULL,
  `description` longtext DEFAULT NULL,
  `social_links` longtext CHARACTER SET utf8mb4 COLLATE utf8mb4_bin DEFAULT NULL CHECK (json_valid(`social_links`)),
  `is_featured` tinyint(1) NOT NULL DEFAULT 0,
  `created_at` timestamp NULL DEFAULT NULL,
  `updated_at` timestamp NULL DEFAULT NULL,
  PRIMARY KEY (`id`),
  UNIQUE KEY `companies_slug_unique` (`slug`),
  KEY `companies_claimed_by_user_id_foreign` (`claimed_by_user_id`),
  CONSTRAINT `companies_claimed_by_user_id_foreign` FOREIGN KEY (`claimed_by_user_id`) REFERENCES `users` (`id`) ON DELETE SET NULL
) ENGINE=InnoDB AUTO_INCREMENT=104 DEFAULT CHARSET=utf8mb4 COLLATE=utf8mb4_unicode_ci;
/*!40101 SET character_set_client = @saved_cs_client */;

--
-- Dumping data for table `companies`
--

LOCK TABLES `companies` WRITE;
/*!40000 ALTER TABLE `companies` DISABLE KEYS */;
INSERT INTO `companies` VALUES (1,3,'Blue Harbour Foods','blue-harbour-foods','approved','Penang, Malaysia',NULL,NULL,NULL,NULL,NULL,'Processor',NULL,'paolo54@wilkinson.com','(650) 259-6684',NULL,'https://fay.com/est-magnam-sed-dolor-praesentium.html','/assets/hero-market.jpg','/assets/idxi-fish-logo.png','Processor and exporter for chilled tuna, frozen fillets, and regional seafood sourcing.','Blue Harbour Foods connects processors, cold-chain operators, and buyers across regional fish markets.','{\"facebook\":\"http:\\/\\/www.friesen.biz\\/doloremque-cum-totam-nam-sequi-veniam-ullam-provident-tempore\",\"linkedin\":\"http:\\/\\/mertz.net\\/quo-fuga-in-rerum-id-totam-amet-fugiat\"}',1,'2026-05-11 23:23:25','2026-05-11 23:23:25'),(2,NULL,'OceanNav Systems','oceannav-systems','approved','Johor Bahru, Malaysia',NULL,NULL,NULL,NULL,NULL,'Equipment Supplier',NULL,'ryan.raleigh@bogisich.com','+1.920.248.6353',NULL,'http://www.heathcote.com/','/assets/hero-market.jpg','/assets/idxi-fish-logo.png','Navigation systems, radar, sonar, and bridge electronics for modern fishing vessels.','OceanNav Systems supplies electronics and communications equipment for long-haul fleets.','{\"facebook\":\"https:\\/\\/maggio.org\\/eum-suscipit-est-est-occaecati-exercitationem-earum-quisquam-consequatur.html\",\"linkedin\":\"http:\\/\\/swaniawski.biz\\/ut-dolorem-quae-tenetur-aut-qui-delectus-soluta-voluptatum\"}',1,'2026-05-11 23:23:25','2026-05-11 23:23:25'),(3,NULL,'Harvest Cold Chain','harvest-cold-chain','approved','Kota Kinabalu, Malaysia',NULL,NULL,NULL,NULL,NULL,'Distributor',NULL,'bauch.alford@lueilwitz.info','(346) 893-9325',NULL,'http://www.green.org/adipisci-et-eaque-quisquam-quod','/assets/hero.png','/assets/idxi-fish-logo.png','Ice storage, blast freezing, and refrigerated transport for landing-to-market continuity.','Harvest Cold Chain focuses on reliable fish handling and refrigerated logistics for exporters.','{\"facebook\":\"http:\\/\\/www.ritchie.com\\/libero-incidunt-autem-autem-rem-odio-odit-molestiae\",\"linkedin\":\"http:\\/\\/www.gusikowski.info\\/\"}',1,'2026-05-11 23:23:25','2026-05-13 00:22:01'),(4,NULL,'Boyle, Schmeler and Murray','boyle-schmeler-and-murray','pending','Johor Bahru, Malaysia',NULL,NULL,NULL,NULL,NULL,'Distributor',NULL,'jasper.haley@stamm.com','573.450.7049',NULL,'http://schultz.org/ut-id-consequuntur-omnis-velit-non-quia-non','/assets/hero.png','/assets/idxi-fish-logo.png','Harum ullam et voluptatum asperiores magni aut nesciunt.','Et quo quibusdam voluptas laudantium dolorem. Rerum excepturi aut cupiditate maiores in qui asperiores culpa. Voluptate dicta debitis commodi libero consequuntur sint.\n\nUllam et voluptatibus et ipsa rem cumque. Eveniet accusantium cumque voluptates quasi. Eius ullam et explicabo.','{\"facebook\":\"http:\\/\\/schuppe.com\\/voluptas-qui-voluptatem-blanditiis-et\",\"linkedin\":\"https:\\/\\/www.thompson.biz\\/perferendis-corporis-optio-assumenda-natus-et-ex\"}',0,'2026-05-13 00:25:22','2026-05-13 00:25:22'),(5,NULL,'Breitenberg and Sons','breitenberg-and-sons','unclaimed','Penang, Malaysia',NULL,NULL,NULL,NULL,NULL,'Manufacturer',NULL,'jackson55@labadie.biz','480.533.1005',NULL,'http://www.waters.net/fugiat-placeat-accusantium-in-autem-beatae-necessitatibus-qui','/assets/hero.png','/assets/idxi-fish-logo.png','Aliquid quos eligendi est occaecati quis quis quia.','Vel dolorum laudantium et sapiente inventore ullam tenetur. Deserunt delectus nobis sed ut nulla. Cupiditate porro iusto voluptatem architecto minus non. Quis et aperiam libero possimus ratione.\n\nQuaerat aliquid sequi quo. Facere a inventore alias voluptates. Quisquam aut nisi sunt a quis rerum ducimus. Quia ea velit voluptate nihil in.','{\"facebook\":\"http:\\/\\/www.sipes.com\\/ut-iure-ad-cupiditate-hic-delectus-voluptate\",\"linkedin\":\"http:\\/\\/www.dickinson.org\\/fugiat-sunt-velit-vel-adipisci-optio-aliquid-ipsum-natus\"}',0,'2026-05-13 00:25:22','2026-05-13 00:25:22'),(6,NULL,'Barrows, Deckow and Tremblay','barrows-deckow-and-tremblay','approved','Penang, Malaysia',NULL,NULL,NULL,NULL,NULL,'Equipment Supplier',NULL,'josefa94@hegmann.net','+1.952.568.0513',NULL,'http://spencer.org/consequuntur-optio-est-ut-explicabo-perferendis-incidunt-omnis','/assets/hero.png','/assets/idxi-fish-logo.png','Animi ea sint aut est eos aut.','Similique est a excepturi quidem saepe rem. Veritatis vel et maxime ut. Repudiandae est omnis reprehenderit tempore et ut et. Nulla ab earum vel fugit voluptatem aut.\n\nVeritatis ex rerum numquam. Porro voluptatum quae dicta blanditiis repellat ut non nihil. Aliquam id non neque voluptatem laborum dolor.','{\"facebook\":\"http:\\/\\/www.lebsack.com\\/\",\"linkedin\":\"https:\\/\\/www.nikolaus.com\\/necessitatibus-magni-libero-aut-quidem-sit-iusto\"}',0,'2026-05-13 00:25:22','2026-05-13 00:25:22'),(7,NULL,'Watsica PLC','watsica-plc','approved','Langkawi, Malaysia',NULL,NULL,NULL,NULL,NULL,'Exporter',NULL,'mia.frami@stoltenberg.info','616-714-3365',NULL,'http://www.heathcote.com/cum-occaecati-quam-autem-velit-in-ad-rem','/assets/hero.png','/assets/idxi-fish-logo.png','Quas adipisci voluptas quidem.','Occaecati magnam praesentium aperiam aperiam a provident veniam qui. Illo est adipisci modi sequi cumque in. Quasi voluptates vel est reiciendis quia.\n\nFacilis quidem illo quia veritatis quis vero et. Dolor rerum beatae aspernatur vel officia praesentium ad. Recusandae facilis nam aperiam consequuntur et aspernatur. Totam iste et molestiae enim quisquam et.','{\"facebook\":\"https:\\/\\/collier.com\\/deleniti-id-omnis-officia-rerum.html\",\"linkedin\":\"http:\\/\\/www.jenkins.com\\/quis-rerum-natus-in-qui-officia-ratione-error-sint\"}',0,'2026-05-13 00:25:22','2026-05-13 00:25:22'),(8,NULL,'D\'Amore, D\'Amore and Effertz','damore-damore-and-effertz','approved','Terengganu, Malaysia',NULL,NULL,NULL,NULL,NULL,'Equipment Supplier',NULL,'waters.haylie@runolfsson.org','(323) 418-0819',NULL,'http://www.ebert.com/nobis-qui-voluptas-earum-optio-aliquam-est-ad-quis','/assets/hero.png','/assets/idxi-fish-logo.png','Cupiditate quaerat libero et quia voluptas ea quasi vitae.','Debitis corporis id tempore ea. Veritatis laborum dolores eum accusamus dolorem voluptas. Quia sed temporibus occaecati qui voluptatem aut maiores. Nostrum est magni consequuntur ut quas enim culpa assumenda.\n\nAperiam et ipsam ipsam voluptatem dolorum itaque. Rerum perferendis dolorem est nemo reprehenderit enim. Odio inventore tempore sit unde voluptatum doloribus alias.','{\"facebook\":\"http:\\/\\/lynch.biz\\/\",\"linkedin\":\"http:\\/\\/www.hintz.com\\/mollitia-quo-quidem-quo-veniam-accusamus-reiciendis-rerum\"}',0,'2026-05-13 00:25:22','2026-05-13 00:25:22'),(9,NULL,'Monahan Inc','monahan-inc','unclaimed','Perak, Malaysia',NULL,NULL,NULL,NULL,NULL,'Processor',NULL,'dylan.weber@mayer.com','1-908-758-6464',NULL,'http://olson.com/','/assets/hero.png','/assets/idxi-fish-logo.png','Sit voluptatem quia eligendi quia a.','Qui rerum sequi consequuntur dolorem autem nam. Corporis totam est suscipit.\n\nAdipisci dicta dignissimos itaque accusantium. Tempore non quos corporis doloremque aspernatur odit.','{\"facebook\":\"http:\\/\\/www.hand.com\\/temporibus-laborum-magni-est-aut-hic-excepturi-nesciunt.html\",\"linkedin\":\"http:\\/\\/www.conn.net\\/\"}',0,'2026-05-13 00:25:22','2026-05-13 00:25:22'),(10,NULL,'Batz, Becker and Goodwin','batz-becker-and-goodwin','approved','Selangor, Malaysia',NULL,NULL,NULL,NULL,NULL,'Equipment Supplier',NULL,'hershel20@hettinger.com','747-248-0521',NULL,'http://www.gislason.com/autem-esse-sit-quisquam-labore-nihil.html','/assets/hero.png','/assets/idxi-fish-logo.png','Neque quo iste odio similique nemo minus.','Incidunt praesentium molestias est perspiciatis voluptates est. Qui velit illum aspernatur dolores sapiente. Sapiente nihil alias ut quasi aut libero.\n\nEt deserunt accusamus rerum eligendi velit ducimus et doloribus. Dolorem nulla minima odit repudiandae et voluptatem odit. Iste nulla eos nostrum qui sit. Odit aut iusto qui recusandae molestias.','{\"facebook\":\"http:\\/\\/corkery.com\\/qui-dicta-qui-eos-enim-consequatur\",\"linkedin\":\"https:\\/\\/hand.com\\/quos-ipsum-necessitatibus-sed-placeat.html\"}',1,'2026-05-13 00:25:22','2026-05-13 00:25:22'),(11,NULL,'Kirlin and Sons','kirlin-and-sons','pending','Johor Bahru, Malaysia',NULL,NULL,NULL,NULL,NULL,'Distributor',NULL,'leila.schroeder@spencer.com','+1-248-644-2035',NULL,'http://stamm.com/eveniet-fuga-necessitatibus-autem-suscipit-ullam-alias','/assets/hero.png','/assets/idxi-fish-logo.png','Molestiae sit corporis facere unde.','Voluptas vel quis omnis expedita neque. Aspernatur aut dolorem animi. Saepe at ipsa nihil et dolore debitis ut.\n\nLibero mollitia aliquid similique qui sint error aut. Est tempora omnis ea doloribus id cum doloribus. Sint ipsum dolorem expedita voluptatum corporis iste illum. Autem ut nihil natus nihil maxime similique fugit quod.','{\"facebook\":\"http:\\/\\/www.hills.com\\/earum-qui-qui-dolor-quia-nesciunt\",\"linkedin\":\"http:\\/\\/www.breitenberg.net\\/omnis-dolorum-eum-eum-laboriosam-ipsa-expedita\"}',0,'2026-05-13 00:25:22','2026-05-13 00:25:22'),(12,NULL,'Paucek, Roberts and Pagac','paucek-roberts-and-pagac','unclaimed','Penang, Malaysia',NULL,NULL,NULL,NULL,NULL,'Manufacturer',NULL,'kub.imogene@collins.net','(620) 492-0116',NULL,'https://www.franecki.com/aspernatur-ut-voluptatem-voluptatibus-enim-error','/assets/hero.png','/assets/idxi-fish-logo.png','Ratione rerum sint ad et.','Enim sit omnis dolorem perferendis est aut quis et. Ipsum natus non nisi qui. Laudantium molestiae aut assumenda provident. Consequatur rerum consequatur itaque modi doloremque est odio.\n\nConsequuntur omnis sint et corrupti. Molestiae ea laudantium recusandae voluptas voluptas et qui. Explicabo sint consequuntur eveniet et et est dolorem.','{\"facebook\":\"http:\\/\\/www.hammes.com\\/illum-sint-ut-sapiente-et-autem-tempore.html\",\"linkedin\":\"https:\\/\\/www.braun.com\\/sequi-omnis-pariatur-mollitia-ad-explicabo\"}',0,'2026-05-13 00:25:22','2026-05-13 00:25:22'),(13,NULL,'Lakin-Lesch','lakin-lesch','approved','Kuala Lumpur, Malaysia',NULL,NULL,NULL,NULL,NULL,'Exporter',NULL,'haag.constance@hintz.com','1-918-975-3011',NULL,'http://www.wisozk.net/rem-vitae-reiciendis-maxime-sunt-quod-modi-neque','/assets/hero.png','/assets/idxi-fish-logo.png','Delectus officiis rerum repellat qui.','Et illo et quia velit. Perspiciatis voluptas dolores non sunt corrupti. Culpa sunt laboriosam autem ea. Commodi omnis exercitationem aut qui.\n\nVoluptas magnam sint fuga distinctio delectus ullam aliquam. Omnis saepe et non autem. Ut in suscipit numquam repellat expedita.','{\"facebook\":\"https:\\/\\/www.cormier.net\\/facilis-dolore-et-aut-ea-vel-officiis\",\"linkedin\":\"http:\\/\\/www.schmidt.info\\/nam-eaque-quia-consequatur\"}',0,'2026-05-13 00:25:22','2026-05-13 00:25:22'),(14,NULL,'Zulauf-Ryan','zulauf-ryan','unclaimed','Terengganu, Malaysia',NULL,NULL,NULL,NULL,NULL,'Exporter',NULL,'dalton73@kilback.com','1-810-551-1807',NULL,'http://www.wintheiser.com/','/assets/hero.png','/assets/idxi-fish-logo.png','A eius ut quia molestiae iure non.','Rem molestiae enim tempore nobis rerum voluptatem voluptatem. Accusantium earum voluptatem aperiam quod.\n\nHarum omnis in sint dolores corrupti distinctio mollitia. Labore cum debitis iusto neque perspiciatis et. Quia fugit aut non nam ab doloremque saepe.','{\"facebook\":\"http:\\/\\/borer.net\\/vel-eaque-ea-eos-delectus-officiis\",\"linkedin\":\"http:\\/\\/www.macejkovic.com\\/velit-nam-repudiandae-porro\"}',0,'2026-05-13 00:25:22','2026-05-13 00:25:22'),(15,NULL,'McClure Group','mcclure-group','approved','Shah Alam, Malaysia',NULL,NULL,NULL,NULL,NULL,'Processor',NULL,'earl34@walter.org','+1 (502) 540-2618',NULL,'http://www.hoppe.net/fuga-dolores-dicta-amet-quis','/assets/hero.png','/assets/idxi-fish-logo.png','Voluptatem quidem ut ut et ut explicabo in.','Eum maxime laborum quia in exercitationem. Et iusto ipsum quia eveniet sapiente est modi iusto. Maxime accusantium veritatis commodi rerum voluptas.\n\nSed sunt temporibus et aperiam autem enim illo consequatur. Et maxime in alias aut. Quasi alias ducimus dolorum cum dolorem quasi et. Ratione unde dignissimos quam aut cumque tempore provident.','{\"facebook\":\"http:\\/\\/www.gulgowski.com\\/\",\"linkedin\":\"https:\\/\\/www.kohler.com\\/sint-voluptas-et-et-autem-assumenda-magni\"}',1,'2026-05-13 00:25:22','2026-05-13 00:25:22'),(16,NULL,'Grimes-Jerde','grimes-jerde','approved','Perak, Malaysia',NULL,NULL,NULL,NULL,NULL,'Distributor',NULL,'stella81@wintheiser.com','773-304-1955',NULL,'http://oconner.com/','/assets/hero.png','/assets/idxi-fish-logo.png','Perferendis eos veniam occaecati.','Ratione non qui voluptas. Quas amet libero sit nulla facere.\n\nQui quaerat numquam dolor assumenda. Saepe quos et nemo distinctio voluptas. Eum magnam consequuntur et aut omnis quisquam nesciunt. Tempora facere omnis minima dicta qui animi commodi.','{\"facebook\":\"http:\\/\\/koepp.com\\/voluptates-ex-error-ullam-sit-reiciendis-dolorem\",\"linkedin\":\"http:\\/\\/littel.com\\/et-dolor-et-iusto-fuga.html\"}',1,'2026-05-13 00:25:22','2026-05-13 00:25:22'),(17,NULL,'Nader, Streich and Oberbrunner','nader-streich-and-oberbrunner','approved','Penang, Malaysia',NULL,NULL,NULL,NULL,NULL,'Distributor',NULL,'stokes.edgar@hamill.org','+1.971.498.5126',NULL,'http://murphy.com/','/assets/hero.png','/assets/idxi-fish-logo.png','Esse dolore et quae fuga perspiciatis.','Aliquam et molestias voluptatem qui non. Animi ut quia et sapiente quisquam. Ratione reiciendis rerum sit quibusdam non sunt. Consequatur consectetur temporibus rem est.\n\nUllam vel fugiat necessitatibus debitis rerum exercitationem. Deleniti a ipsum dolor ab exercitationem est. Vel porro voluptatem fuga eaque maxime magnam ea. Tenetur dicta magni libero quos quos voluptas unde.','{\"facebook\":\"http:\\/\\/abbott.info\\/\",\"linkedin\":\"https:\\/\\/www.conn.biz\\/nostrum-officiis-sapiente-perferendis-fugiat-perspiciatis-omnis\"}',0,'2026-05-13 00:25:22','2026-05-13 00:25:22'),(18,NULL,'Kiehn-Nitzsche','kiehn-nitzsche','approved','Ipoh, Malaysia',NULL,NULL,NULL,NULL,NULL,'Exporter',NULL,'uhahn@abshire.com','1-419-563-1562',NULL,'http://www.durgan.com/et-quis-magni-rerum-sunt.html','/assets/hero.png','/assets/idxi-fish-logo.png','At consequatur voluptatibus veniam nulla aspernatur.','Quod iste accusantium et alias. Sit eaque illum non consectetur eum. Ex expedita quis qui beatae dolorem.\n\nConsequatur qui nulla consectetur iure quam. Assumenda aut consequatur voluptate incidunt odio adipisci dolore. Veniam veniam in odit quas.','{\"facebook\":\"http:\\/\\/sauer.com\\/sed-saepe-voluptas-sit-et-est-nobis-voluptatem\",\"linkedin\":\"http:\\/\\/aufderhar.net\\/\"}',0,'2026-05-13 00:25:22','2026-05-13 00:25:22'),(19,NULL,'Reichel Ltd','reichel-ltd','approved','Shah Alam, Malaysia',NULL,NULL,NULL,NULL,NULL,'Equipment Supplier',NULL,'dexter.bailey@shields.com','(781) 868-8948',NULL,'https://spinka.info/error-sunt-recusandae-veritatis-ex-laborum-odio-blanditiis.html','/assets/hero.png','/assets/idxi-fish-logo.png','Vel cumque consequatur vero sit.','Voluptatem dolor cum delectus qui harum amet neque repellendus. Maxime enim aliquid ipsam placeat dicta. Eaque rem deleniti omnis minima est amet. Nulla quis non quis rem rerum.\n\nVoluptatem vel sint sequi similique. Enim et sed aut qui unde. Eos iste adipisci vero ab. Alias rerum et itaque delectus repudiandae voluptate maiores.','{\"facebook\":\"http:\\/\\/www.howe.com\\/quasi-nihil-temporibus-aliquam-quisquam.html\",\"linkedin\":\"http:\\/\\/www.nienow.com\\/\"}',0,'2026-05-13 00:25:22','2026-05-13 00:25:22'),(20,NULL,'Conroy LLC','conroy-llc','approved','Terengganu, Malaysia',NULL,NULL,NULL,NULL,NULL,'Manufacturer',NULL,'brayan.hessel@wyman.org','+19409274410',NULL,'http://www.daugherty.info/libero-et-nulla-ea-est.html','/assets/hero.png','/assets/idxi-fish-logo.png','Nemo quia totam dolores id debitis totam.','Aliquid voluptas placeat sunt perspiciatis enim sit. Rerum quidem non vero facilis veniam. Autem ex sint inventore ut et quo. Maxime adipisci quia est id.\n\nNumquam cupiditate aut ipsam consequatur veniam. Illo placeat aut placeat suscipit molestiae error qui. Quo laborum molestiae quisquam exercitationem qui. Veniam commodi ullam rem totam minima aut officiis.','{\"facebook\":\"http:\\/\\/www.oconnell.com\\/sunt-voluptas-labore-temporibus-odit\",\"linkedin\":\"http:\\/\\/hilpert.biz\\/voluptatem-et-id-aut-facere-dolorem-asperiores\"}',0,'2026-05-13 00:25:22','2026-05-13 00:25:22'),(21,NULL,'Gutkowski-Predovic','gutkowski-predovic','approved','Kuching, Malaysia',NULL,NULL,NULL,NULL,NULL,'Distributor',NULL,'iwunsch@kohler.com','640.539.6078',NULL,'http://haley.biz/quos-ut-iure-labore-dolores-beatae-aut-quisquam','/assets/hero.png','/assets/idxi-fish-logo.png','Et non voluptatem distinctio dolore sed.','Cum inventore ut rerum dolorem reiciendis. Itaque quaerat aut eaque eligendi at magni. Consectetur veniam assumenda consequatur deleniti qui nesciunt nihil amet.\n\nEos eos sed a. Blanditiis nulla voluptatem neque sequi omnis. Dignissimos quisquam velit eaque illo error est ea.','{\"facebook\":\"http:\\/\\/pagac.net\\/\",\"linkedin\":\"http:\\/\\/www.dicki.biz\\/\"}',0,'2026-05-13 00:25:22','2026-05-13 00:25:22'),(22,NULL,'Brakus, Lesch and Kohler','brakus-lesch-and-kohler','unclaimed','Shah Alam, Malaysia',NULL,NULL,NULL,NULL,NULL,'Distributor',NULL,'miller.heath@brakus.com','+1.240.763.2724',NULL,'https://upton.com/laudantium-omnis-dolores-a-impedit-voluptatibus.html','/assets/hero.png','/assets/idxi-fish-logo.png','Fugit est dolorem cumque nam.','Rerum animi qui dolorem odio. Et iste unde dolorem ut dolores. Iusto quaerat amet qui impedit explicabo.\n\nEaque ratione cum minus neque. Aspernatur eligendi maiores quam nulla nisi aut et. Deserunt quasi beatae aut ad.','{\"facebook\":\"http:\\/\\/dubuque.biz\\/et-commodi-cum-doloremque-in-ea\",\"linkedin\":\"http:\\/\\/www.klein.info\\/ea-voluptas-et-esse-officiis-sunt-blanditiis-delectus\"}',0,'2026-05-13 00:25:22','2026-05-13 00:25:22'),(23,NULL,'Pfannerstill-Upton','pfannerstill-upton','unclaimed','Selangor, Malaysia',NULL,NULL,NULL,NULL,NULL,'Equipment Supplier',NULL,'rohan.rudy@shanahan.com','+1-540-270-0193',NULL,'http://bergstrom.com/et-soluta-nam-quidem-est-dolores-asperiores.html','/assets/hero.png','/assets/idxi-fish-logo.png','Aut non sed asperiores soluta.','Dolor laborum earum omnis et sit ut non. Dolor ipsa et perspiciatis tempora quos nesciunt. Nemo ipsum nulla eos doloremque necessitatibus.\n\nDicta recusandae accusantium est voluptas et. Debitis eius omnis amet tempora quis fugiat ratione. Non commodi blanditiis dolores qui harum nobis.','{\"facebook\":\"https:\\/\\/gleichner.com\\/at-eos-eum-inventore-ut.html\",\"linkedin\":\"http:\\/\\/www.schmitt.com\\/quo-voluptates-impedit-in-quo-quia-laborum-qui-maxime.html\"}',1,'2026-05-13 00:25:22','2026-05-13 00:25:22'),(24,NULL,'Leuschke, McGlynn and Hoeger','leuschke-mcglynn-and-hoeger','approved','Penang, Malaysia',NULL,NULL,NULL,NULL,NULL,'Equipment Supplier',NULL,'bechtelar.benton@bailey.biz','732.216.0500',NULL,'http://schneider.info/vero-exercitationem-et-ab-quidem-voluptatem-in','/assets/hero.png','/assets/idxi-fish-logo.png','Excepturi ab eveniet reprehenderit qui maxime doloremque soluta.','Reiciendis minus animi ut fuga ea fugit cum aperiam. Pariatur at quibusdam inventore eum. Esse ullam non debitis quis ut.\n\nAdipisci est omnis eveniet assumenda necessitatibus cum. Alias qui voluptatum quos. Sit cupiditate quod nesciunt commodi.','{\"facebook\":\"http:\\/\\/gutkowski.org\\/\",\"linkedin\":\"https:\\/\\/lindgren.com\\/dolores-quia-sint-voluptates-nihil-et-dolor.html\"}',0,'2026-05-13 00:25:22','2026-05-13 00:25:22'),(25,NULL,'Orn Group','orn-group','approved','Langkawi, Malaysia',NULL,NULL,NULL,NULL,NULL,'Manufacturer',NULL,'angeline93@rogahn.org','304-554-9056',NULL,'http://mosciski.info/id-suscipit-nam-eum-labore-aut-ut.html','/assets/hero.png','/assets/idxi-fish-logo.png','Facere ut adipisci quibusdam.','Qui minima ut ipsam eveniet. Excepturi aperiam repudiandae sapiente et. Voluptatibus sed animi magni qui doloremque labore. Sequi qui qui in quod placeat porro.\n\nIpsa amet esse saepe tempore praesentium non similique. Quos facilis quam inventore eum impedit veniam reprehenderit. Ut blanditiis qui nisi qui fuga. Et rerum nobis at tenetur.','{\"facebook\":\"http:\\/\\/yost.biz\\/id-molestias-voluptas-doloribus-quasi-eos\",\"linkedin\":\"http:\\/\\/www.schamberger.net\\/\"}',0,'2026-05-13 00:25:22','2026-05-13 00:25:22'),(26,NULL,'Hane-Nitzsche','hane-nitzsche','pending','Langkawi, Malaysia',NULL,NULL,NULL,NULL,NULL,'Processor',NULL,'uwalsh@nolan.com','469.422.4403',NULL,'http://cummerata.com/voluptatem-et-totam-sit-laborum-rerum-facilis-ex','/assets/hero.png','/assets/idxi-fish-logo.png','Ut odit et voluptates voluptatum.','Eius eius et deleniti necessitatibus. Molestias nisi minus sit nam. Neque nobis et sequi omnis totam.\n\nQuis nesciunt a doloremque doloribus et quo distinctio. Nostrum omnis beatae nemo et architecto quaerat. Sit ea ad eos dignissimos quibusdam autem ex.','{\"facebook\":\"http:\\/\\/www.wolf.biz\\/\",\"linkedin\":\"http:\\/\\/www.kihn.com\\/sit-dolore-beatae-doloribus-soluta-nisi-fugiat-officiis-sit.html\"}',0,'2026-05-13 00:25:22','2026-05-13 00:25:22'),(27,NULL,'Reynolds Ltd','reynolds-ltd','approved','Sarawak, Malaysia',NULL,NULL,NULL,NULL,NULL,'Exporter',NULL,'zfadel@dach.com','1-223-773-0722',NULL,'http://www.stracke.com/aut-nesciunt-corporis-provident.html','/assets/hero.png','/assets/idxi-fish-logo.png','Voluptatem quae occaecati quas quis.','Saepe consectetur repudiandae qui eos blanditiis. Similique est eveniet repudiandae. Ut et sit voluptatem numquam et minima qui. Voluptatem eum fugiat quia deserunt hic molestiae voluptatem quia.\n\nAsperiores quis rerum eum id perferendis sit. Exercitationem ab nostrum possimus. Sint tenetur est aliquid nobis eum facere.','{\"facebook\":\"http:\\/\\/johnston.com\\/minus-qui-occaecati-alias-officia-et-voluptas-aut.html\",\"linkedin\":\"https:\\/\\/morissette.org\\/qui-officia-nemo-quis-eum.html\"}',0,'2026-05-13 00:25:22','2026-05-13 00:25:22'),(28,NULL,'Prosacco, Hartmann and Schinner','prosacco-hartmann-and-schinner','approved','Melaka, Malaysia',NULL,NULL,NULL,NULL,NULL,'Equipment Supplier',NULL,'lexie.brekke@donnelly.com','1-229-280-0568',NULL,'http://jaskolski.com/sit-voluptas-quia-ut-libero','/assets/hero.png','/assets/idxi-fish-logo.png','Quia minus modi qui delectus.','At ratione assumenda eos rerum. Voluptatem dolor expedita quia enim perferendis sint ab. Pariatur voluptatem suscipit minima ea nulla.\n\nVoluptatibus quos facilis ut blanditiis aut distinctio. Fugit molestiae sapiente vel voluptas doloremque repudiandae asperiores. Corrupti consequatur qui hic qui. Autem assumenda eveniet sint ullam sit animi culpa.','{\"facebook\":\"http:\\/\\/bosco.com\\/cum-optio-quis-quidem\",\"linkedin\":\"http:\\/\\/tillman.com\\/ut-sapiente-quae-iusto-tenetur\"}',0,'2026-05-13 00:25:22','2026-05-13 00:25:22'),(29,NULL,'Gaylord, Zboncak and Sporer','gaylord-zboncak-and-sporer','approved','Terengganu, Malaysia',NULL,NULL,NULL,NULL,NULL,'Exporter',NULL,'oleta.rosenbaum@hyatt.com','938.200.3001',NULL,'http://www.ziemann.com/','/assets/hero.png','/assets/idxi-fish-logo.png','Hic commodi quidem et atque veniam necessitatibus maiores.','Sunt rerum aliquid saepe qui beatae quo. Qui placeat rem illo numquam. Est perferendis illo blanditiis consequatur molestias vel.\n\nAut fuga eaque quis. Qui consectetur qui et voluptatem animi maxime aliquid. Consequatur soluta vel dolorem reprehenderit incidunt accusantium quaerat facilis.','{\"facebook\":\"http:\\/\\/www.adams.net\\/\",\"linkedin\":\"http:\\/\\/www.jast.com\\/porro-doloribus-maxime-sunt-doloribus.html\"}',0,'2026-05-13 00:25:22','2026-05-13 00:25:22'),(30,NULL,'Skiles, Homenick and Stiedemann','skiles-homenick-and-stiedemann','approved','Melaka, Malaysia',NULL,NULL,NULL,NULL,NULL,'Manufacturer',NULL,'filomena91@osinski.com','1-601-956-4000',NULL,'https://www.sawayn.com/et-harum-enim-consectetur-quaerat-impedit','/assets/hero.png','/assets/idxi-fish-logo.png','Est et sunt quae aliquam veniam.','Accusamus dicta distinctio qui impedit aut ratione. Rerum delectus quia eveniet error odio suscipit sit.\n\nNihil maiores aut officia hic. Tenetur sint ut magni est voluptatem nisi. Aut omnis at nihil cum corporis et blanditiis. Tempore quia officia natus sed veniam maiores sequi.','{\"facebook\":\"http:\\/\\/aufderhar.com\\/officia-qui-voluptatem-velit-perspiciatis-facere-et\",\"linkedin\":\"http:\\/\\/www.ritchie.org\\/\"}',0,'2026-05-13 00:25:22','2026-05-13 00:25:22'),(31,NULL,'Ebert, Gutmann and Herman','ebert-gutmann-and-herman','pending','Terengganu, Malaysia',NULL,NULL,NULL,NULL,NULL,'Equipment Supplier',NULL,'ijakubowski@welch.com','1-908-431-2459',NULL,'http://graham.com/tempora-facere-laborum-alias-quia-similique-accusamus.html','/assets/hero.png','/assets/idxi-fish-logo.png','Et quam quos quae voluptas.','Modi odit corporis laborum tempora quos aspernatur in aut. Itaque nihil error sapiente mollitia necessitatibus rerum nisi. Aliquid delectus non ipsam nulla sint. Ut a ut et eum sed.\n\nEst sequi qui sint voluptatem exercitationem. Amet molestias et inventore quisquam debitis commodi est. Vel a incidunt sunt.','{\"facebook\":\"http:\\/\\/johnston.net\\/voluptas-quas-dolorum-aut-aut\",\"linkedin\":\"http:\\/\\/www.smith.com\\/laboriosam-quidem-aut-occaecati-qui\"}',0,'2026-05-13 00:25:22','2026-05-13 00:25:22'),(32,NULL,'Runte PLC','runte-plc','approved','Kuching, Malaysia',NULL,NULL,NULL,NULL,NULL,'Manufacturer',NULL,'carlos.jaskolski@sawayn.com','(281) 542-0220',NULL,'http://www.mraz.com/','/assets/hero.png','/assets/idxi-fish-logo.png','Officiis aut eum ipsa placeat ad optio dolorem qui.','Sit omnis a ducimus blanditiis. Est omnis quo illo ratione dolor ut. Placeat hic eaque at est aut.\n\nEt veritatis nobis iusto modi temporibus dolores consequatur. Praesentium eos tenetur illo consequatur quia et fuga.','{\"facebook\":\"http:\\/\\/www.morar.org\\/vel-iure-cumque-non-aut-sit-consequatur-velit-iure\",\"linkedin\":\"https:\\/\\/tromp.info\\/quam-ullam-in-officiis-similique-alias-rerum-ut.html\"}',0,'2026-05-13 00:25:22','2026-05-13 00:25:22'),(33,NULL,'Stiedemann Group','stiedemann-group','unclaimed','Penang, Malaysia',NULL,NULL,NULL,NULL,NULL,'Equipment Supplier',NULL,'blair.hudson@haley.com','845-836-2366',NULL,'http://www.simonis.net/laboriosam-praesentium-totam-est-odio-aliquid','/assets/hero.png','/assets/idxi-fish-logo.png','At eaque aut quaerat.','Aut aut unde labore cumque voluptatem. In possimus rem minima eveniet veniam sint.\n\nFacilis dolores aliquam ab praesentium a voluptatem id. Consequuntur quo expedita iste nulla alias sit.','{\"facebook\":\"http:\\/\\/www.fahey.com\\/perspiciatis-iusto-labore-voluptas-maiores\",\"linkedin\":\"http:\\/\\/www.schmidt.com\\/maiores-rem-molestiae-impedit-sed-et-accusantium-omnis\"}',1,'2026-05-13 00:25:22','2026-05-13 00:25:22'),(34,NULL,'Veum Ltd','veum-ltd','unclaimed','Sabah, Malaysia',NULL,NULL,NULL,NULL,NULL,'Exporter',NULL,'phowell@mills.com','(234) 947-7977',NULL,'http://www.satterfield.com/','/assets/hero.png','/assets/idxi-fish-logo.png','Et consequatur unde voluptate doloremque.','Et voluptatem et autem cumque ipsum. Deserunt corrupti nihil tempore deleniti voluptatibus quis quo. Quo ea expedita illo dolore.\n\nMagni quidem molestias vel optio dolor. Quidem tempora aut itaque sed vel et quidem laboriosam.','{\"facebook\":\"http:\\/\\/www.pfannerstill.com\\/\",\"linkedin\":\"https:\\/\\/kessler.net\\/accusamus-vel-illo-atque-qui.html\"}',0,'2026-05-13 00:25:22','2026-05-13 00:25:22'),(35,NULL,'Goodwin-Swift','goodwin-swift','approved','Kuching, Malaysia',NULL,NULL,NULL,NULL,NULL,'Distributor',NULL,'shanie91@feest.org','810.570.4169',NULL,'http://www.jones.net/ab-doloremque-aut-et-nostrum','/assets/hero.png','/assets/idxi-fish-logo.png','Aperiam officiis nulla voluptatem autem vel.','Voluptas veniam aspernatur minima voluptatibus est. Nihil molestias sit repudiandae voluptatem. Ipsam numquam cum facere aut ducimus eum. Et quia mollitia eum architecto quae consectetur minus voluptas.\n\nSequi libero rerum molestiae. Ea totam dolor aspernatur minima. Quos consequatur id autem quia non amet officiis id. Asperiores sit quia aut dolores dolores omnis reprehenderit.','{\"facebook\":\"http:\\/\\/lehner.com\\/possimus-explicabo-officia-quia-aut-a-non-quo\",\"linkedin\":\"http:\\/\\/krajcik.net\\/ducimus-minus-corporis-expedita-et-eum-consequatur-explicabo\"}',0,'2026-05-13 00:25:22','2026-05-13 00:25:22'),(36,NULL,'O\'Keefe-O\'Kon','okeefe-okon','approved','Sabah, Malaysia',NULL,NULL,NULL,NULL,NULL,'Equipment Supplier',NULL,'moore.albert@kovacek.com','+1 (660) 299-8373',NULL,'http://stoltenberg.com/ab-aut-consequatur-veniam-voluptatem-quibusdam-esse-rerum-aliquam','/assets/hero.png','/assets/idxi-fish-logo.png','Ratione error qui nobis qui sapiente minima voluptatem a.','Ex pariatur tenetur placeat ut. Laudantium in illo labore facilis optio soluta. Error expedita voluptatibus velit iusto eaque. Nesciunt vitae odio voluptas provident quia eveniet et itaque.\n\nUt est ipsam harum blanditiis. Sint nesciunt voluptatem corrupti facilis vel. Rerum consequatur voluptatem est quod commodi.','{\"facebook\":\"http:\\/\\/hoeger.net\\/aliquid-nemo-voluptatum-voluptas-minima-aperiam-aliquam\",\"linkedin\":\"https:\\/\\/www.mante.com\\/ex-odio-vero-et\"}',0,'2026-05-13 00:25:22','2026-05-13 00:25:22'),(37,NULL,'Bergstrom Group','bergstrom-group','unclaimed','Kuching, Malaysia',NULL,NULL,NULL,NULL,NULL,'Equipment Supplier',NULL,'unique14@cruickshank.com','727-770-3053',NULL,'http://www.metz.com/voluptatem-veniam-velit-qui-modi-et','/assets/hero.png','/assets/idxi-fish-logo.png','Et rem molestias et et eum aut eos quasi.','Quia mollitia nobis iusto officia tenetur omnis quo. Veniam consequatur quo ipsum et provident aperiam fugit.\n\nEt debitis recusandae inventore. Incidunt ut corrupti est ut omnis quod voluptatem. Similique sed nisi deserunt dolorem aut expedita. Ipsa neque tempore veniam.','{\"facebook\":\"http:\\/\\/dicki.com\\/quibusdam-et-accusantium-quibusdam\",\"linkedin\":\"https:\\/\\/www.carter.com\\/et-provident-nihil-ut-voluptatem-nesciunt\"}',0,'2026-05-13 00:25:22','2026-05-13 00:25:22'),(38,NULL,'Goyette, Mann and Spinka','goyette-mann-and-spinka','unclaimed','Sabah, Malaysia',NULL,NULL,NULL,NULL,NULL,'Processor',NULL,'yvandervort@herman.biz','(763) 334-8696',NULL,'http://www.rogahn.net/voluptatem-at-voluptatem-qui-in-itaque-dolorum-aspernatur.html','/assets/hero.png','/assets/idxi-fish-logo.png','Enim dolorum quisquam est nisi commodi iste qui.','Unde asperiores commodi optio soluta quia aperiam. Sunt adipisci aut perspiciatis autem magnam enim. Qui et nihil provident.\n\nEt doloremque sed eos assumenda accusamus velit ut. Quas amet et dolore ut. Animi optio et voluptatum in ut odit. Ut autem hic voluptas.','{\"facebook\":\"http:\\/\\/www.schumm.org\\/exercitationem-quaerat-est-voluptates-vel-sed-exercitationem\",\"linkedin\":\"https:\\/\\/www.rempel.com\\/voluptatibus-et-enim-nulla-fugiat\"}',0,'2026-05-13 00:25:22','2026-05-13 00:25:22'),(39,NULL,'Trantow and Sons','trantow-and-sons','pending','Shah Alam, Malaysia',NULL,NULL,NULL,NULL,NULL,'Distributor',NULL,'lkoepp@greenfelder.com','810.994.0542',NULL,'http://www.dickinson.net/nulla-et-illum-adipisci-aut-reprehenderit','/assets/hero.png','/assets/idxi-fish-logo.png','Sint dolorum voluptas doloremque laboriosam sed itaque ea.','Cupiditate eligendi similique rerum ratione necessitatibus fuga minima. Illum aperiam cupiditate et aut.\n\nEt molestiae rerum iure doloribus explicabo. Cupiditate eligendi et voluptas ut saepe quia sit. Deleniti nihil accusamus voluptatem aut et commodi voluptas.','{\"facebook\":\"http:\\/\\/hartmann.com\\/et-cupiditate-qui-exercitationem-rerum-ut-quasi-quo-recusandae.html\",\"linkedin\":\"http:\\/\\/larkin.com\\/sed-temporibus-voluptatum-sunt\"}',0,'2026-05-13 00:25:22','2026-05-13 00:25:22'),(40,NULL,'Williamson-Ankunding','williamson-ankunding','pending','Langkawi, Malaysia',NULL,NULL,NULL,NULL,NULL,'Manufacturer',NULL,'lorenz.borer@champlin.com','(541) 536-6222',NULL,'http://maggio.info/','/assets/hero.png','/assets/idxi-fish-logo.png','Voluptatem nobis qui quia neque reiciendis consequatur quos eveniet.','Numquam aut dignissimos praesentium nobis cupiditate velit. Delectus error sint minima placeat velit vel iste. Possimus sit aspernatur architecto sit.\n\nDolorem iure quia molestias officia. Quo eos laborum sit et iusto assumenda sunt.','{\"facebook\":\"http:\\/\\/www.smith.com\\/\",\"linkedin\":\"http:\\/\\/volkman.com\\/eaque-officiis-nobis-sit-quis\"}',0,'2026-05-13 00:25:22','2026-05-13 00:25:22'),(41,NULL,'Mraz-Ankunding','mraz-ankunding','approved','Kelantan, Malaysia',NULL,NULL,NULL,NULL,NULL,'Processor',NULL,'braden.schmidt@hermann.com','650-852-2262',NULL,'http://www.durgan.com/','/assets/hero.png','/assets/idxi-fish-logo.png','Eligendi iusto voluptatem praesentium vel.','Aut voluptas deserunt itaque velit laboriosam dolores. Magni libero minima ut fuga. Et est sequi fugit velit quidem consequuntur. Eligendi enim id officiis eveniet sunt.\n\nVoluptas adipisci praesentium id occaecati alias repellendus possimus. Dolores consequatur quasi ipsam non sed. Expedita at soluta dignissimos modi inventore qui impedit.','{\"facebook\":\"http:\\/\\/www.murray.info\\/\",\"linkedin\":\"http:\\/\\/auer.biz\\/dolor-earum-ipsa-non-repellat-et-et-repellat\"}',1,'2026-05-13 00:25:22','2026-05-13 00:25:22'),(42,NULL,'Gibson Inc','gibson-inc','approved','Kota Kinabalu, Malaysia',NULL,NULL,NULL,NULL,NULL,'Exporter',NULL,'ashton31@prosacco.com','+1-608-239-4590',NULL,'https://yost.com/sit-laudantium-eligendi-aspernatur-quis-unde.html','/assets/hero.png','/assets/idxi-fish-logo.png','Non ducimus error cumque excepturi illo.','Rem fugiat inventore in dolores consequatur. Quam eum qui ducimus qui nulla ut. Omnis aut ipsum magnam quisquam. Qui autem vel maiores ex ut iste labore eius. Iusto magni ut qui iure.\n\nAut corporis vel labore minima. Veritatis est id nulla qui incidunt non. Quae eum eveniet dolores delectus illo. Sapiente nemo soluta incidunt officia eum harum tempore.','{\"facebook\":\"http:\\/\\/www.kulas.com\\/excepturi-iste-placeat-blanditiis\",\"linkedin\":\"https:\\/\\/hartmann.com\\/eos-aut-natus-consequatur-eos-et-corrupti.html\"}',0,'2026-05-13 00:25:22','2026-05-13 00:25:22'),(43,NULL,'Barton LLC','barton-llc','approved','Kuala Lumpur, Malaysia',NULL,NULL,NULL,NULL,NULL,'Processor',NULL,'laura.prohaska@dare.com','+1-443-347-0560',NULL,'http://www.schiller.com/est-accusantium-fuga-dolores-eos-voluptatibus-enim','/assets/hero.png','/assets/idxi-fish-logo.png','Enim nostrum aut laborum voluptatem nesciunt.','Ea quo ipsa ut quia. Quidem et beatae fuga vel autem. Nemo est cupiditate cupiditate consequatur est aut.\n\nA odio facere qui ducimus. Eligendi doloremque non aut quam cum. Tenetur consequatur quia ipsa nostrum id.','{\"facebook\":\"http:\\/\\/www.ritchie.com\\/id-facere-sunt-molestias-ullam-sed\",\"linkedin\":\"http:\\/\\/www.abbott.com\\/nulla-natus-in-quia-eos-incidunt.html\"}',0,'2026-05-13 00:25:22','2026-05-13 00:25:22'),(44,NULL,'Kihn and Sons','kihn-and-sons','pending','Shah Alam, Malaysia',NULL,NULL,NULL,NULL,NULL,'Distributor',NULL,'tyson.howell@sporer.info','651.599.3050',NULL,'http://damore.info/nam-fuga-molestiae-cupiditate-dicta','/assets/hero.png','/assets/idxi-fish-logo.png','Omnis voluptates voluptas dolor molestias incidunt.','Natus modi dolor ullam. Nulla autem quidem a dolores id. Eius autem quas laboriosam consectetur incidunt et.\n\nEst tempore odio eligendi totam nemo. Asperiores consectetur earum quaerat nisi est id a. Incidunt distinctio dolore qui tenetur sed.','{\"facebook\":\"https:\\/\\/gleichner.com\\/libero-veritatis-quo-odit-alias-ratione-veniam-nisi.html\",\"linkedin\":\"http:\\/\\/www.donnelly.com\\/maiores-dolor-aut-optio-velit-dignissimos.html\"}',0,'2026-05-13 00:25:22','2026-05-13 00:25:22'),(45,NULL,'Ernser and Sons','ernser-and-sons','approved','Kelantan, Malaysia',NULL,NULL,NULL,NULL,NULL,'Equipment Supplier',NULL,'cecilia.upton@johnson.com','+1 (559) 779-3204',NULL,'http://www.keeling.com/non-in-sed-sint-distinctio-eius-repellat','/assets/hero.png','/assets/idxi-fish-logo.png','Nesciunt ipsa est ut voluptatum.','Veniam totam vel sequi nobis temporibus animi et deleniti. Quia nulla nam earum. Nisi ea eius eaque odit aut omnis.\n\nEst qui aut rerum debitis qui eos. Asperiores enim placeat recusandae dolores. Dolores omnis voluptatem voluptatem molestias libero est ratione.','{\"facebook\":\"http:\\/\\/www.lemke.net\\/temporibus-non-quam-architecto-est-soluta-amet-ut.html\",\"linkedin\":\"http:\\/\\/www.wunsch.net\\/cupiditate-laudantium-in-beatae-deserunt-mollitia-illum-molestiae.html\"}',0,'2026-05-13 00:25:22','2026-05-13 00:25:22'),(46,NULL,'Hickle Group','hickle-group','approved','Johor Bahru, Malaysia',NULL,NULL,NULL,NULL,NULL,'Manufacturer',NULL,'tate.larkin@huels.biz','+1-463-224-5086',NULL,'https://www.ratke.com/voluptate-eum-harum-vel-accusamus-ut-qui-unde-quia','/assets/hero.png','/assets/idxi-fish-logo.png','Quasi rerum perferendis autem odio.','Ut amet nesciunt dolor veniam. Qui veritatis autem praesentium quia laborum. Saepe aut odio odio at eum.\n\nDebitis aut et tenetur aut harum ipsa repellat. Doloribus blanditiis fugit doloremque corrupti sed. Vel architecto enim quo ipsa labore reprehenderit ut.','{\"facebook\":\"http:\\/\\/www.jerde.net\\/sit-repellat-voluptatum-ducimus-voluptates\",\"linkedin\":\"http:\\/\\/www.rice.net\\/nihil-voluptas-iure-molestias-ipsam-sed-dolores.html\"}',0,'2026-05-13 00:25:22','2026-05-13 00:25:22'),(47,NULL,'Koch-Altenwerth','koch-altenwerth','approved','Sarawak, Malaysia',NULL,NULL,NULL,NULL,NULL,'Manufacturer',NULL,'emills@schultz.com','+1.484.379.5837',NULL,'https://www.oconner.com/adipisci-possimus-exercitationem-enim-necessitatibus','/assets/hero.png','/assets/idxi-fish-logo.png','Autem eos aspernatur qui voluptates quibusdam iure quis amet.','Accusamus est non rem porro ut quod. Laboriosam officia quia repudiandae incidunt itaque sunt explicabo. Consequatur ducimus aperiam recusandae exercitationem recusandae accusantium vel. Autem corrupti magnam rerum dolor accusamus omnis dolor modi.\n\nQuia atque facere repudiandae nemo. Mollitia error incidunt impedit ea omnis. Aut nisi nobis non voluptas adipisci ratione aliquam. Alias inventore exercitationem ut autem et. Magni ut dicta inventore facere adipisci sunt est.','{\"facebook\":\"http:\\/\\/www.parker.net\\/\",\"linkedin\":\"http:\\/\\/www.gottlieb.org\\/ipsum-aut-numquam-dolores-voluptatem-ullam-officia.html\"}',0,'2026-05-13 00:25:22','2026-05-13 00:25:22'),(48,NULL,'Lindgren, Witting and Sawayn','lindgren-witting-and-sawayn','approved','Melaka, Malaysia',NULL,NULL,NULL,NULL,NULL,'Manufacturer',NULL,'eoconnell@stamm.com','732-641-9519',NULL,'http://www.abernathy.com/culpa-est-temporibus-possimus-voluptatum-culpa-adipisci-quo.html','/assets/hero.png','/assets/idxi-fish-logo.png','Est nihil error nisi atque qui.','Amet aut voluptas quibusdam modi earum harum. Ut incidunt totam odit a accusantium reprehenderit aperiam. Aliquid corporis facere itaque possimus error natus quas et.\n\nIpsum odio labore iusto ut ut. Animi placeat et quia quis. Aut perspiciatis quos illum qui aliquid. Ex id est iure commodi.','{\"facebook\":\"http:\\/\\/www.hermiston.com\\/\",\"linkedin\":\"http:\\/\\/torp.com\\/et-impedit-quam-iste-facere-tempore-quo-doloribus.html\"}',0,'2026-05-13 00:25:22','2026-05-13 00:25:22'),(49,NULL,'Mayert Inc','mayert-inc','approved','Kuala Lumpur, Malaysia',NULL,NULL,NULL,NULL,NULL,'Distributor',NULL,'karina51@kozey.com','1-423-819-7262',NULL,'http://sanford.com/et-voluptatem-consequuntur-placeat-cupiditate-ipsam-inventore-architecto','/assets/hero.png','/assets/idxi-fish-logo.png','Consequatur rerum repudiandae maxime consequatur cumque.','Laboriosam dolorum consequatur aliquam dolorem ut voluptate autem. Velit reiciendis corporis tenetur rerum incidunt qui autem et. Dignissimos repudiandae tempore quis facilis consequuntur atque. Illum aut nam dicta inventore. Est quos nam corporis nostrum quia quia.\n\nEt ut enim quo recusandae laboriosam. Cupiditate quis consequuntur harum fuga iste sapiente. Occaecati autem reiciendis expedita accusantium ut ducimus amet. Maiores eos est sit non.','{\"facebook\":\"http:\\/\\/stokes.com\\/\",\"linkedin\":\"http:\\/\\/wisozk.com\\/ut-tempora-nihil-voluptas-quia-tempora-sit-aspernatur\"}',0,'2026-05-13 00:25:22','2026-05-13 00:25:22'),(50,NULL,'Lebsack-Farrell','lebsack-farrell','unclaimed','Melaka, Malaysia',NULL,NULL,NULL,NULL,NULL,'Processor',NULL,'isidro36@abernathy.com','+1-385-815-4453',NULL,'https://kutch.net/occaecati-laborum-natus-eos.html','/assets/hero.png','/assets/idxi-fish-logo.png','Architecto atque non expedita sapiente nobis voluptatem tenetur.','Rem consequatur quia mollitia aut in eveniet laboriosam qui. Quis consequatur ex qui eligendi dolore sed. Blanditiis quod ratione eum quaerat voluptas. Est debitis alias et qui.\n\nVelit quia accusamus molestiae molestias dignissimos molestiae. Deserunt ut corporis eum dolore. Beatae blanditiis assumenda sapiente.','{\"facebook\":\"http:\\/\\/www.feil.org\\/nihil-voluptate-id-aut\",\"linkedin\":\"http:\\/\\/abbott.com\\/eum-voluptas-aut-modi-excepturi-excepturi\"}',1,'2026-05-13 00:25:22','2026-05-13 00:25:22'),(51,NULL,'Barrows Group','barrows-group','approved','Shah Alam, Malaysia',NULL,NULL,NULL,NULL,NULL,'Processor',NULL,'oren60@rodriguez.info','+1 (831) 757-0848',NULL,'http://buckridge.info/quod-voluptatem-sit-sapiente-blanditiis-quis.html','/assets/hero.png','/assets/idxi-fish-logo.png','Sed aut eligendi suscipit aperiam tenetur corporis.','Tempora enim eligendi ullam qui voluptas aut. Aut illum nihil labore tempore ex ea est. Dolores esse ipsum doloremque error. Totam vel aliquid rem maxime beatae.\n\nEsse nisi voluptate eius et quo unde fugit. Beatae voluptate dolor debitis nesciunt. Voluptatem et debitis necessitatibus rerum quam.','{\"facebook\":\"http:\\/\\/wilderman.net\\/ut-velit-est-sint-iure-enim-molestiae.html\",\"linkedin\":\"https:\\/\\/von.com\\/voluptatem-et-fuga-impedit-amet-necessitatibus-commodi-modi.html\"}',0,'2026-05-13 00:25:22','2026-05-13 00:25:22'),(52,NULL,'Swaniawski Inc','swaniawski-inc','unclaimed','Langkawi, Malaysia',NULL,NULL,NULL,NULL,NULL,'Manufacturer',NULL,'nikko.morissette@legros.com','+1.757.325.9728',NULL,'http://www.treutel.com/sed-dolores-natus-ut-magni-ea.html','/assets/hero.png','/assets/idxi-fish-logo.png','Non voluptas labore nisi doloremque possimus est.','Deleniti consectetur ut quis dignissimos illo nisi. Ea consequatur voluptates libero in consectetur quas illo. Qui odit animi laborum voluptatum illo porro hic dicta. Ad necessitatibus aut numquam ut.\n\nEum ducimus sed eveniet similique. Eveniet minus ut ab temporibus natus quibusdam. Voluptas aut optio ut ullam omnis quaerat.','{\"facebook\":\"http:\\/\\/gutmann.com\\/alias-id-quo-repellendus-temporibus.html\",\"linkedin\":\"http:\\/\\/hauck.com\\/ut-laboriosam-sed-rem-incidunt-velit\"}',0,'2026-05-13 00:25:22','2026-05-13 00:25:22'),(53,NULL,'Heller-Leuschke','heller-leuschke','pending','Sabah, Malaysia',NULL,NULL,NULL,NULL,NULL,'Distributor',NULL,'dickens.dion@lueilwitz.com','1-504-205-7399',NULL,'http://www.cassin.info/sint-magni-in-dolor-id-ex','/assets/hero.png','/assets/idxi-fish-logo.png','Aperiam quaerat est qui et nostrum sed aut.','Aut sequi aut culpa voluptas voluptatem. Et et vel aliquid quod consequatur ut. Ipsum voluptatum quibusdam dolores. Ea non incidunt est doloribus id cum occaecati.\n\nOdit consequatur asperiores omnis. Et magni repudiandae enim aperiam culpa. Rem exercitationem voluptatem iusto corporis. Et eius eum et.','{\"facebook\":\"http:\\/\\/blick.com\\/eligendi-sit-molestias-autem-in\",\"linkedin\":\"http:\\/\\/bechtelar.info\\/laborum-facilis-nesciunt-eaque-id-corporis.html\"}',0,'2026-05-13 00:25:22','2026-05-13 00:25:22'),(54,NULL,'Hartmann and Sons','hartmann-and-sons','approved','Terengganu, Malaysia',NULL,NULL,NULL,NULL,NULL,'Distributor',NULL,'erick14@lesch.com','1-860-904-1176',NULL,'http://www.terry.org/in-autem-commodi-eius.html','/assets/hero.png','/assets/idxi-fish-logo.png','Qui rem ullam pariatur in.','Enim veritatis inventore omnis est. Corrupti voluptatem voluptas voluptas assumenda. Ut quis non deleniti. Non non sed voluptates libero provident reprehenderit sed omnis. Placeat dolores et dicta facere aliquid sunt tempora.\n\nSed molestias distinctio aut omnis eum at. Itaque quia ratione quisquam alias autem velit. Non iure aspernatur quia. Laborum consectetur blanditiis eius atque soluta nihil delectus.','{\"facebook\":\"http:\\/\\/www.kling.net\\/dolorem-possimus-debitis-velit-impedit-reprehenderit\",\"linkedin\":\"https:\\/\\/www.hintz.biz\\/sunt-aut-rerum-eos-aut-quis\"}',0,'2026-05-13 00:25:22','2026-05-13 00:25:22'),(55,NULL,'Reichert, Friesen and Johnston','reichert-friesen-and-johnston','approved','Johor Bahru, Malaysia',NULL,NULL,NULL,NULL,NULL,'Processor',NULL,'rippin.christiana@kshlerin.biz','651-939-7435',NULL,'http://pfeffer.com/','/assets/hero.png','/assets/idxi-fish-logo.png','Porro quibusdam voluptas molestiae magnam qui dolorem.','Et animi sapiente id sequi nam. Aspernatur velit quaerat sed et quae. Ut sint voluptas et sed eos. Quo rerum sint qui facere repellendus blanditiis voluptate sint.\n\nQuasi at fugiat qui perspiciatis nihil dolores illum eius. Dolorem id officiis autem saepe et quidem rem dolor. Suscipit et omnis ut sapiente voluptas necessitatibus velit. Modi eos quaerat quod ipsa perferendis eos quia qui.','{\"facebook\":\"http:\\/\\/www.lindgren.net\\/qui-iste-quo-recusandae-maiores-ut-provident-quaerat\",\"linkedin\":\"http:\\/\\/www.lindgren.com\\/ex-et-tempore-rem-voluptates-facilis-et-nemo\"}',0,'2026-05-13 00:25:22','2026-05-13 00:25:22'),(56,NULL,'Hermann-Stiedemann','hermann-stiedemann','approved','Kelantan, Malaysia',NULL,NULL,NULL,NULL,NULL,'Manufacturer',NULL,'phowell@beier.biz','319-316-3953',NULL,'http://dooley.com/id-omnis-perspiciatis-ut-sed-suscipit-qui.html','/assets/hero.png','/assets/idxi-fish-logo.png','Consequatur vitae doloremque magni repellendus ad nobis.','Et perferendis qui beatae ea corrupti. Voluptatem corporis quia placeat est. Ea nulla voluptatem voluptate nulla aut facilis inventore iste. Ut blanditiis rerum hic totam temporibus dolores.\n\nPerspiciatis non repellat nihil vel minus sunt. Consequatur ducimus eius sit nisi. Odit temporibus quasi est architecto officiis.','{\"facebook\":\"http:\\/\\/damore.com\\/maxime-exercitationem-non-sint-voluptatibus.html\",\"linkedin\":\"https:\\/\\/www.becker.com\\/cum-quas-sunt-recusandae-vel-non-non\"}',1,'2026-05-13 00:25:22','2026-05-13 00:25:22'),(57,NULL,'Wuckert and Sons','wuckert-and-sons','unclaimed','Kelantan, Malaysia',NULL,NULL,NULL,NULL,NULL,'Distributor',NULL,'schultz.gina@fisher.com','309.695.8940',NULL,'http://www.greenfelder.com/est-impedit-velit-ab','/assets/hero.png','/assets/idxi-fish-logo.png','Quia eum dolore cum explicabo fugiat.','Dignissimos et a sunt modi molestiae et sed. Expedita voluptas voluptatibus culpa. Molestiae vel atque et minus ipsa dolor voluptas. Quia perferendis qui dicta nobis tempora sequi enim.\n\nLaboriosam modi aut quibusdam facilis maxime nam ducimus. Est quam ab fugiat quaerat quibusdam aut ut. Amet sit odio consequatur aliquam illum. Iure doloremque occaecati beatae.','{\"facebook\":\"http:\\/\\/www.beahan.org\\/non-nihil-rem-tenetur-error-amet-possimus-eligendi\",\"linkedin\":\"http:\\/\\/hyatt.com\\/qui-et-at-dolorem-et-eum\"}',0,'2026-05-13 00:25:22','2026-05-13 00:25:22'),(58,NULL,'Price-Bednar','price-bednar','approved','Perak, Malaysia',NULL,NULL,NULL,NULL,NULL,'Manufacturer',NULL,'abshire.russell@kunde.com','469-828-9069',NULL,'http://www.kunde.com/repudiandae-illum-iusto-eaque-iure-officiis-harum.html','/assets/hero.png','/assets/idxi-fish-logo.png','Beatae excepturi rerum voluptatem a et laudantium aut.','Voluptas in explicabo explicabo recusandae qui velit. Ut unde aut optio aut accusamus nam hic ducimus. Et eum et eveniet ipsa.\n\nDucimus voluptatum vel eum aut. Maxime velit in reiciendis et aut aut tenetur amet.','{\"facebook\":\"http:\\/\\/www.green.biz\\/repudiandae-nam-sed-rerum-aut\",\"linkedin\":\"http:\\/\\/hackett.com\\/delectus-magnam-facilis-mollitia-cupiditate-itaque-optio-atque\"}',0,'2026-05-13 00:25:22','2026-05-13 00:25:22'),(59,NULL,'Hessel, Stamm and Rutherford','hessel-stamm-and-rutherford','unclaimed','Selangor, Malaysia',NULL,NULL,NULL,NULL,NULL,'Exporter',NULL,'roman.mante@powlowski.info','1-854-655-0077',NULL,'http://leffler.net/omnis-et-excepturi-quo','/assets/hero.png','/assets/idxi-fish-logo.png','Ipsa eos reiciendis eligendi ea ut et.','Consequatur sit commodi veritatis corporis facere animi. Earum ullam excepturi doloremque quia maiores. Tempore autem eius accusamus consequatur ipsum odit est. A aut molestiae eveniet expedita eos aut voluptatem.\n\nNon expedita accusantium et temporibus. Deleniti numquam ipsam perspiciatis ad expedita. Voluptate ipsa mollitia perferendis at. Ut amet at praesentium voluptas quis mollitia.','{\"facebook\":\"http:\\/\\/www.gutmann.com\\/\",\"linkedin\":\"https:\\/\\/www.bradtke.biz\\/et-velit-qui-eum-aut\"}',0,'2026-05-13 00:25:22','2026-05-13 00:25:22'),(60,NULL,'Cassin-Beer','cassin-beer','approved','Kelantan, Malaysia',NULL,NULL,NULL,NULL,NULL,'Exporter',NULL,'ckoelpin@pacocha.com','475-776-1628',NULL,'http://huel.org/est-aperiam-aut-fugit-sit-adipisci','/assets/hero.png','/assets/idxi-fish-logo.png','Assumenda necessitatibus id minima veniam praesentium.','Inventore officia provident explicabo quam ab et architecto. Rerum quia aut aut et labore. Facilis odio quam fugit distinctio eaque.\n\nSit rem aut odio fuga asperiores consequuntur doloremque. Inventore quae repellendus illo perferendis. Eos possimus nisi temporibus ratione et.','{\"facebook\":\"http:\\/\\/ortiz.com\\/\",\"linkedin\":\"https:\\/\\/www.cassin.biz\\/in-rem-quaerat-explicabo-rerum-sit\"}',0,'2026-05-13 00:25:22','2026-05-13 00:25:22'),(61,NULL,'Sawayn LLC','sawayn-llc','approved','Shah Alam, Malaysia',NULL,NULL,NULL,NULL,NULL,'Distributor',NULL,'qrice@haag.com','+1-678-584-9719',NULL,'http://www.crooks.com/porro-iure-qui-blanditiis-maiores-sit-unde-nisi','/assets/hero.png','/assets/idxi-fish-logo.png','Iste dolores enim qui.','Dolor aut architecto iusto et ea voluptas temporibus. Qui ducimus repellendus et eum. Numquam maxime placeat voluptatem rerum eius vero doloribus. Veritatis est veritatis beatae est omnis mollitia.\n\nAmet consequatur non ut. Quis vitae similique omnis mollitia temporibus eum. Reprehenderit commodi sed voluptatem aliquam.','{\"facebook\":\"http:\\/\\/www.huel.com\\/dolorem-optio-sint-quas-laboriosam-dolores\",\"linkedin\":\"http:\\/\\/www.crist.com\\/ut-illo-qui-officia-aut-ullam\"}',0,'2026-05-13 00:25:22','2026-05-13 00:25:22'),(62,NULL,'Wiegand and Sons','wiegand-and-sons','approved','Penang, Malaysia',NULL,NULL,NULL,NULL,NULL,'Distributor',NULL,'kilback.ramon@durgan.net','269-996-5960',NULL,'http://paucek.com/explicabo-laudantium-velit-laudantium-cupiditate-veritatis-deserunt-dolorem.html','/assets/hero.png','/assets/idxi-fish-logo.png','Maxime nihil et excepturi.','Et saepe sequi distinctio accusantium corporis. Ut enim qui quibusdam laborum consequatur. Reprehenderit blanditiis aliquid repellat. Dolores ut accusantium blanditiis dolores.\n\nIpsam nobis harum quidem est ipsa consequatur facilis qui. Voluptatum reprehenderit nihil enim molestiae at. Maxime beatae similique minus magni.','{\"facebook\":\"http:\\/\\/www.ward.com\\/recusandae-corrupti-impedit-cupiditate-vel.html\",\"linkedin\":\"http:\\/\\/leffler.net\\/dolor-exercitationem-non-numquam-qui-architecto-sed-est\"}',0,'2026-05-13 00:25:22','2026-05-13 00:25:22'),(63,NULL,'McDermott Group','mcdermott-group','unclaimed','Penang, Malaysia',NULL,NULL,NULL,NULL,NULL,'Processor',NULL,'hermann.fredy@stamm.com','931-805-9383',NULL,'http://www.crooks.com/','/assets/hero.png','/assets/idxi-fish-logo.png','Dolorem qui ad aspernatur ut et qui.','Blanditiis ratione veniam voluptatibus sit laudantium consequatur. Sunt culpa aut aut voluptatem et odio voluptatem. Sit aut aliquam nostrum id similique. Corrupti aperiam sint accusantium fuga quis et autem officia.\n\nVel quae enim sit quia corrupti. Voluptatibus exercitationem odio placeat possimus libero excepturi consequatur. Maxime reprehenderit et qui odio reprehenderit.','{\"facebook\":\"https:\\/\\/www.hills.biz\\/culpa-corrupti-minima-dolorem-quo-molestias-debitis-beatae\",\"linkedin\":\"http:\\/\\/greenfelder.net\\/quam-quod-aperiam-reiciendis-recusandae-aperiam-qui-ut.html\"}',0,'2026-05-13 00:25:22','2026-05-13 00:25:22'),(64,NULL,'Morissette, Fadel and Goodwin','morissette-fadel-and-goodwin','approved','Penang, Malaysia',NULL,NULL,NULL,NULL,NULL,'Distributor',NULL,'rhintz@waelchi.com','+1-229-652-0190',NULL,'http://www.mcdermott.com/quia-aspernatur-tempora-perferendis-reiciendis-id-omnis','/assets/hero.png','/assets/idxi-fish-logo.png','Repellat sunt quae doloribus sed.','Minima magnam qui assumenda. Suscipit sunt quia non natus tempora. Rem quidem sit quia sapiente qui aut. Velit repellendus eligendi vero dolorum quibusdam maxime pariatur.\n\nEt perferendis ducimus alias tempore modi magni. Adipisci est ut sit deserunt et et. Consequatur veniam deleniti ut reprehenderit voluptate.','{\"facebook\":\"http:\\/\\/www.treutel.com\\/atque-autem-nisi-recusandae.html\",\"linkedin\":\"http:\\/\\/schinner.com\\/ut-ad-mollitia-molestias-consequatur.html\"}',1,'2026-05-13 00:25:22','2026-05-13 00:25:22'),(65,NULL,'Ullrich-Sipes','ullrich-sipes','approved','Kuching, Malaysia',NULL,NULL,NULL,NULL,NULL,'Manufacturer',NULL,'awill@hoppe.com','860-747-7017',NULL,'http://www.upton.com/distinctio-ad-sit-quod-voluptate','/assets/hero.png','/assets/idxi-fish-logo.png','Voluptatem non odit vero molestiae.','Excepturi in ab aut non labore qui rem quibusdam. Dicta doloribus qui vel dolorum porro. Qui quibusdam hic vero qui facilis. Neque ex alias dicta qui blanditiis sequi modi.\n\nVel non aut perspiciatis non quas maxime sit. Dolorem rerum quia necessitatibus nulla quia voluptatem laboriosam. Hic aliquid quibusdam eos quis.','{\"facebook\":\"http:\\/\\/stokes.com\\/laboriosam-exercitationem-facilis-reprehenderit-quo\",\"linkedin\":\"https:\\/\\/bauch.info\\/odit-quas-labore-deleniti-architecto.html\"}',1,'2026-05-13 00:25:22','2026-05-13 00:25:22'),(66,NULL,'Lubowitz Ltd','lubowitz-ltd','unclaimed','Kelantan, Malaysia',NULL,NULL,NULL,NULL,NULL,'Manufacturer',NULL,'stroman.candice@watsica.com','+1 (484) 413-9906',NULL,'http://www.lubowitz.com/dolor-aspernatur-est-nobis-similique.html','/assets/hero.png','/assets/idxi-fish-logo.png','Culpa vel est neque perferendis similique.','Nobis molestiae optio maxime magni repellat quos expedita aut. Perferendis aut ab ut. Accusantium placeat dolorem unde illo rerum dicta repellat architecto. Tenetur nostrum occaecati voluptatem.\n\nMinus voluptas alias eius harum iste et. Voluptatibus eveniet rerum adipisci et nemo cupiditate cumque. Labore nulla ut enim mollitia tempore.','{\"facebook\":\"http:\\/\\/gorczany.com\\/corrupti-in-ut-in-ea.html\",\"linkedin\":\"http:\\/\\/www.kerluke.com\\/\"}',0,'2026-05-13 00:25:22','2026-05-13 00:25:22'),(67,NULL,'Boyer PLC','boyer-plc','approved','Perak, Malaysia',NULL,NULL,NULL,NULL,NULL,'Equipment Supplier',NULL,'bill67@larkin.com','970.806.1742',NULL,'http://www.leuschke.org/distinctio-sit-dolores-qui.html','/assets/hero.png','/assets/idxi-fish-logo.png','Dolorem accusantium minima voluptate.','Dolorem quae eum sed ea id quia ut. Harum voluptatem numquam occaecati. Nihil rem odit et et delectus aut voluptas. Id sunt occaecati distinctio veritatis. Quo rerum recusandae maxime.\n\nQui voluptatem quam ex enim earum quo qui. Incidunt repellendus autem aut at et placeat optio. Non voluptates perferendis voluptatem nobis minima sunt ut.','{\"facebook\":\"http:\\/\\/frami.org\\/\",\"linkedin\":\"http:\\/\\/www.miller.com\\/autem-architecto-doloremque-non-fugiat-itaque-doloremque-quas\"}',0,'2026-05-13 00:25:22','2026-05-13 00:25:22'),(68,NULL,'Bauch, Klein and Dietrich','bauch-klein-and-dietrich','approved','Sabah, Malaysia',NULL,NULL,NULL,NULL,NULL,'Processor',NULL,'dhomenick@bergstrom.info','(952) 849-9879',NULL,'https://www.von.com/sapiente-ut-ipsa-inventore-culpa-itaque-non-qui-facere','/assets/hero.png','/assets/idxi-fish-logo.png','Ea sit alias consectetur omnis.','Nulla nulla numquam non voluptatem. Quidem deleniti sequi quis aut voluptatem. Optio deserunt illo cum eius. Est quia voluptatum tenetur sunt rerum ad dolor atque.\n\nOptio eos et maxime non veniam aut voluptatem quisquam. Deserunt quaerat voluptatem ut soluta.','{\"facebook\":\"http:\\/\\/bergnaum.net\\/molestiae-libero-dolor-itaque-corporis-praesentium\",\"linkedin\":\"https:\\/\\/kirlin.com\\/illum-molestiae-molestias-voluptatem-voluptatibus-quia-dolorum.html\"}',0,'2026-05-13 00:25:22','2026-05-13 00:25:22'),(69,NULL,'Berge Ltd','berge-ltd','approved','Melaka, Malaysia',NULL,NULL,NULL,NULL,NULL,'Manufacturer',NULL,'gage49@hickle.net','352-949-1594',NULL,'http://www.kemmer.com/','/assets/hero.png','/assets/idxi-fish-logo.png','Id repudiandae distinctio itaque.','Ullam ad magni accusamus itaque eius et. Quae quidem sunt quod expedita quis. Dolores quasi voluptatem dicta ut voluptatibus.\n\nVelit perferendis sint id occaecati. Tempore aut commodi ipsum numquam. Accusantium quia nihil quia numquam fugiat omnis dignissimos sunt. Aut commodi vitae autem.','{\"facebook\":\"http:\\/\\/powlowski.org\\/animi-molestiae-eligendi-maiores-enim-minima-impedit-sed\",\"linkedin\":\"http:\\/\\/davis.com\\/\"}',1,'2026-05-13 00:25:22','2026-05-13 00:25:22'),(70,NULL,'McLaughlin-Kshlerin','mclaughlin-kshlerin','unclaimed','Terengganu, Malaysia',NULL,NULL,NULL,NULL,NULL,'Distributor',NULL,'meggie.reichel@monahan.org','682-326-7257',NULL,'http://braun.info/quidem-aut-rem-consequatur-at.html','/assets/hero.png','/assets/idxi-fish-logo.png','In at maxime quasi repellendus quia neque et.','Et ut molestiae recusandae est. Et natus est sit non omnis.\n\nAut neque illo quod ipsam commodi. Quas et qui aliquam sunt. Rerum iste saepe doloribus sapiente. Voluptates porro repellendus doloremque eaque molestiae et.','{\"facebook\":\"https:\\/\\/www.dubuque.net\\/facere-quasi-eum-magnam-id-suscipit\",\"linkedin\":\"http:\\/\\/wiza.com\\/culpa-delectus-accusantium-dolore-odio-dolorem-aut\"}',0,'2026-05-13 00:25:22','2026-05-13 00:25:22'),(71,NULL,'Bogan LLC','bogan-llc','unclaimed','Sabah, Malaysia',NULL,NULL,NULL,NULL,NULL,'Distributor',NULL,'witting.claudia@dubuque.com','+1.689.344.7141',NULL,'https://www.schmeler.net/id-voluptatem-possimus-non-voluptates','/assets/hero.png','/assets/idxi-fish-logo.png','Eaque fuga laudantium labore ut vitae ratione veniam commodi.','Qui quis quae excepturi voluptas. Sunt ea fugiat quo tenetur ipsa. Consequatur sequi fuga ipsa necessitatibus quam deleniti inventore. Ea natus aperiam aut voluptate eius autem. Nostrum laudantium sint nesciunt nisi dolores minus pariatur.\n\nTempora esse nobis dignissimos explicabo. Perspiciatis qui consequatur ut sint tenetur. Eveniet laborum mollitia mollitia voluptatibus quia corporis vel ea.','{\"facebook\":\"https:\\/\\/www.corkery.com\\/quis-veniam-tenetur-cumque-dicta\",\"linkedin\":\"https:\\/\\/www.russel.info\\/omnis-in-nemo-et-ut\"}',0,'2026-05-13 00:25:22','2026-05-13 00:25:22'),(72,NULL,'Bashirian, Orn and Fritsch','bashirian-orn-and-fritsch','approved','Kota Kinabalu, Malaysia',NULL,NULL,NULL,NULL,NULL,'Distributor',NULL,'lafayette10@cremin.biz','+18578230067',NULL,'http://www.mills.com/','/assets/hero.png','/assets/idxi-fish-logo.png','Aliquid voluptate ipsa debitis facilis consequuntur sunt sit nobis.','Ducimus dolorum et veniam harum iusto facilis et. Dolor nemo quos deleniti iusto quia. Quasi quas voluptas officiis deleniti atque quidem rerum et.\n\nNam dolor similique ex occaecati ullam neque. Est et harum aperiam possimus sunt nihil consectetur quam. Ducimus esse commodi et officia.','{\"facebook\":\"https:\\/\\/legros.com\\/enim-reprehenderit-unde-mollitia-aut.html\",\"linkedin\":\"http:\\/\\/www.weissnat.biz\\/\"}',1,'2026-05-13 00:25:22','2026-05-13 00:25:22'),(73,NULL,'Weissnat Group','weissnat-group','unclaimed','Kelantan, Malaysia',NULL,NULL,NULL,NULL,NULL,'Manufacturer',NULL,'ypaucek@feil.org','(979) 926-8719',NULL,'http://www.rath.net/','/assets/hero.png','/assets/idxi-fish-logo.png','Dolor eligendi excepturi explicabo labore provident.','Aliquam asperiores nisi vel doloremque vitae. Asperiores officia mollitia praesentium eveniet ullam excepturi facilis. Necessitatibus ut aut eveniet nihil.\n\nError quis non tenetur porro et voluptates incidunt. Modi recusandae qui quia eum minus. Animi veniam soluta rerum corporis itaque nostrum.','{\"facebook\":\"http:\\/\\/www.halvorson.org\\/aliquid-totam-enim-eveniet-temporibus.html\",\"linkedin\":\"http:\\/\\/shields.biz\\/saepe-id-debitis-dolores-consequuntur-dicta-nihil-laborum-error\"}',0,'2026-05-13 00:25:22','2026-05-13 00:25:22'),(74,NULL,'Hagenes Inc','hagenes-inc','pending','Sabah, Malaysia',NULL,NULL,NULL,NULL,NULL,'Equipment Supplier',NULL,'swift.colten@funk.com','+1.947.741.2298',NULL,'http://www.crist.com/hic-asperiores-sapiente-repudiandae-ea','/assets/hero.png','/assets/idxi-fish-logo.png','Eum qui molestias est doloremque est quis delectus.','Perferendis dolor earum nostrum quia. Illo aut voluptatem et molestiae sed quia voluptas nulla. Ab iure ipsam et cumque qui dolores illum.\n\nOdio adipisci rerum iste nulla quae et. Voluptatem explicabo at doloribus aut velit numquam deleniti. Non esse dignissimos laudantium sit vitae quidem. Excepturi nisi quo iste.','{\"facebook\":\"http:\\/\\/rempel.com\\/magnam-architecto-dolorum-quia.html\",\"linkedin\":\"https:\\/\\/www.sauer.com\\/repellendus-distinctio-dolor-sed-animi-fugiat\"}',0,'2026-05-13 00:25:22','2026-05-13 00:25:22'),(75,NULL,'Stark PLC','stark-plc','approved','Sabah, Malaysia',NULL,NULL,NULL,NULL,NULL,'Distributor',NULL,'von.erika@cartwright.com','732-315-9719',NULL,'http://stroman.net/','/assets/hero.png','/assets/idxi-fish-logo.png','Beatae repellendus nobis alias quaerat.','Iusto voluptatibus quo nihil id incidunt qui. Ut tempore quia facilis dolorem. Cum qui facilis quas aut.\n\nNam magnam et consequuntur eaque non magnam nobis. Sed nulla tenetur sint est nihil culpa distinctio. Ex reiciendis et fugit impedit sed possimus nemo voluptatum. Labore vero qui libero culpa.','{\"facebook\":\"http:\\/\\/www.windler.info\\/\",\"linkedin\":\"http:\\/\\/www.corwin.com\\/asperiores-officiis-ea-minima-deleniti-suscipit-quia\"}',0,'2026-05-13 00:25:22','2026-05-13 00:25:22'),(76,NULL,'Rutherford-Jakubowski','rutherford-jakubowski','unclaimed','Kelantan, Malaysia',NULL,NULL,NULL,NULL,NULL,'Exporter',NULL,'vivianne27@stamm.info','+1-435-230-4327',NULL,'http://brown.com/rerum-consequatur-at-doloremque-similique','/assets/hero.png','/assets/idxi-fish-logo.png','Aut odit cupiditate nemo dolor.','Et consectetur molestias expedita et et aut repellendus. Neque tempore hic ducimus et cumque totam earum qui. Error ducimus vel voluptatem ducimus quis tempore deleniti. Ducimus nesciunt id quidem nihil.\n\nConsequuntur amet cumque eligendi. Veritatis veritatis id ab nobis. Sed id rem sit quisquam quia. Perspiciatis molestiae laudantium consectetur voluptas saepe.','{\"facebook\":\"https:\\/\\/pfeffer.org\\/et-autem-laborum-quos-enim-et-commodi.html\",\"linkedin\":\"http:\\/\\/ortiz.com\\/\"}',0,'2026-05-13 00:25:22','2026-05-13 00:25:22'),(77,NULL,'Aufderhar-Hoppe','aufderhar-hoppe','unclaimed','Sarawak, Malaysia',NULL,NULL,NULL,NULL,NULL,'Equipment Supplier',NULL,'christian.nitzsche@bergstrom.biz','669.927.3083',NULL,'http://www.blick.com/','/assets/hero.png','/assets/idxi-fish-logo.png','Minus rerum similique enim voluptas sed voluptates.','Iure quas voluptatem sequi suscipit voluptas unde et. Optio et exercitationem ea. Impedit maiores excepturi voluptatem dignissimos odio ut.\n\nImpedit neque illo ducimus rerum et. Occaecati velit quae soluta. Incidunt sed consequatur eum.','{\"facebook\":\"https:\\/\\/swaniawski.com\\/dolores-esse-architecto-ducimus-nam-omnis.html\",\"linkedin\":\"http:\\/\\/www.herman.com\\/\"}',0,'2026-05-13 00:25:22','2026-05-13 00:25:22'),(78,NULL,'Zemlak-Casper','zemlak-casper','approved','Sarawak, Malaysia',NULL,NULL,NULL,NULL,NULL,'Manufacturer',NULL,'kgutkowski@ziemann.com','(424) 978-2481',NULL,'http://kshlerin.net/fugit-provident-dolores-fuga-autem-sed.html','/assets/hero.png','/assets/idxi-fish-logo.png','Perferendis rerum reiciendis quia.','Dolorem et veritatis vel consequuntur tempore eos. Vel dolore commodi ab sit dolorum.\n\nConsectetur aut illo vitae aspernatur. Nulla eos repellat dolores inventore eos incidunt veniam. Culpa dolore laudantium dolorem hic iusto commodi error quis.','{\"facebook\":\"https:\\/\\/www.bins.org\\/et-dolor-eligendi-dolor-sint\",\"linkedin\":\"https:\\/\\/www.maggio.com\\/adipisci-quia-qui-quis-quae\"}',0,'2026-05-13 00:25:22','2026-05-13 00:25:22'),(79,NULL,'Bednar, Crooks and Wolff','bednar-crooks-and-wolff','pending','Langkawi, Malaysia',NULL,NULL,NULL,NULL,NULL,'Equipment Supplier',NULL,'hadley.dare@schroeder.com','1-248-321-3249',NULL,'http://www.powlowski.info/','/assets/hero.png','/assets/idxi-fish-logo.png','Sunt explicabo rerum aut occaecati est nostrum.','Tempora et possimus et odio ut repellat. Sit beatae commodi beatae est. Ut expedita est ut rerum. Cumque corrupti consectetur incidunt ratione consequatur eos.\n\nNecessitatibus debitis iure dolor et sint sit et. Officia ut aperiam aut rerum iste voluptatem et. Repudiandae rem rerum iusto consequatur saepe ut labore. Sunt deserunt impedit nihil vel consequatur rerum ratione.','{\"facebook\":\"http:\\/\\/www.kshlerin.com\\/deserunt-minus-qui-totam-omnis-pariatur-magni-sit.html\",\"linkedin\":\"http:\\/\\/ferry.org\\/vitae-quas-corrupti-nostrum-totam-in-aspernatur\"}',0,'2026-05-13 00:25:22','2026-05-13 00:25:22'),(80,NULL,'Sipes-Schuster','sipes-schuster','pending','Kelantan, Malaysia',NULL,NULL,NULL,NULL,NULL,'Equipment Supplier',NULL,'cartwright.lavon@kutch.com','341-719-0812',NULL,'http://larson.com/','/assets/hero.png','/assets/idxi-fish-logo.png','Corporis omnis doloribus perspiciatis reiciendis qui nihil.','Non corrupti deserunt qui ipsum beatae quia veritatis rerum. Odit dolorem omnis dolorum odio saepe sit. Sunt ut eaque quia magnam quo alias.\n\nNeque est non ullam eum id occaecati alias. Tempore quidem dolorem ut vitae aliquid fugit illo. Eius laboriosam animi aperiam nobis quis. Esse facere qui sapiente inventore qui.','{\"facebook\":\"http:\\/\\/www.muller.com\\/corporis-dolorem-sequi-id-sed-numquam-sed-vel\",\"linkedin\":\"http:\\/\\/botsford.com\\/illum-et-alias-consequatur-consequatur-et-laudantium-dignissimos\"}',0,'2026-05-13 00:25:22','2026-05-13 00:25:22'),(81,NULL,'Bruen-Bernhard','bruen-bernhard','approved','Shah Alam, Malaysia',NULL,NULL,NULL,NULL,NULL,'Manufacturer',NULL,'monahan.britney@ritchie.com','859-434-8887',NULL,'http://www.wolff.com/veritatis-dolor-debitis-qui-vel-quia','/assets/hero.png','/assets/idxi-fish-logo.png','Inventore qui consectetur provident sunt aspernatur sint fugit est.','Quibusdam ut non iusto et. Ea ut laudantium illo veniam sunt quibusdam. Tenetur ullam itaque sed alias recusandae debitis. Repellendus pariatur at asperiores qui maiores nostrum.\n\nAsperiores provident esse nesciunt corrupti autem earum ut. Quasi est voluptatem magnam nesciunt ducimus. Quod quo neque ut exercitationem quisquam. Asperiores est nesciunt est sint.','{\"facebook\":\"http:\\/\\/welch.biz\\/perferendis-maiores-perspiciatis-impedit\",\"linkedin\":\"https:\\/\\/www.franecki.com\\/consequatur-animi-perspiciatis-ad-laboriosam-quia-velit\"}',0,'2026-05-13 00:25:22','2026-05-13 00:25:22'),(82,NULL,'Hoeger, Deckow and Hauck','hoeger-deckow-and-hauck','pending','Terengganu, Malaysia',NULL,NULL,NULL,NULL,NULL,'Processor',NULL,'liza.reichert@rutherford.biz','248-554-8122',NULL,'https://dicki.com/a-nihil-reiciendis-sit-esse-eum-dolorem.html','/assets/hero.png','/assets/idxi-fish-logo.png','Occaecati optio quas illo.','Nihil qui omnis quis voluptatum eum ut. Saepe esse eveniet laborum ab. Ratione similique optio atque vel. Nobis quo ut ut quidem dolore autem.\n\nEum aut voluptas nihil ipsa nostrum temporibus. Sed facere blanditiis voluptas ab voluptatibus qui temporibus quam. Voluptas fuga iste eveniet repudiandae expedita autem. Distinctio fugiat non voluptatem dolor.','{\"facebook\":\"http:\\/\\/miller.com\\/voluptatem-omnis-possimus-eum-repellat-accusamus\",\"linkedin\":\"http:\\/\\/www.reichel.com\\/sapiente-aut-molestiae-velit-architecto-autem-fugiat-assumenda-asperiores.html\"}',0,'2026-05-13 00:25:22','2026-05-13 00:25:22'),(83,NULL,'Cummings, Stoltenberg and Spencer','cummings-stoltenberg-and-spencer','approved','Terengganu, Malaysia',NULL,NULL,NULL,NULL,NULL,'Equipment Supplier',NULL,'antonette.wyman@boyle.biz','1-469-955-4549',NULL,'http://www.kilback.com/eum-sint-voluptatibus-dolorem-amet.html','/assets/hero.png','/assets/idxi-fish-logo.png','Sapiente omnis quisquam omnis adipisci maiores dignissimos et.','Aut accusantium quis culpa fuga consectetur eos nobis modi. Impedit autem consectetur hic error molestias explicabo quia. Animi rerum cum nihil ut porro. Praesentium quis velit quas et.\n\nDistinctio labore et et dolores. Et a aliquam ea fugiat qui consequatur ut vitae. Eligendi et repellat sequi occaecati. Sint amet laudantium est impedit expedita deserunt rerum.','{\"facebook\":\"http:\\/\\/mertz.com\\/\",\"linkedin\":\"http:\\/\\/www.zieme.biz\\/facilis-pariatur-quia-alias-nobis-eos-quo\"}',0,'2026-05-13 00:25:22','2026-05-13 00:25:22'),(84,NULL,'Blick-Smith','blick-smith','pending','Shah Alam, Malaysia',NULL,NULL,NULL,NULL,NULL,'Exporter',NULL,'gleason.lorenzo@beer.com','(773) 512-8021',NULL,'http://www.watsica.biz/sint-aut-cumque-sed-temporibus-tempore-assumenda-est-qui','/assets/hero.png','/assets/idxi-fish-logo.png','Dolor cupiditate corrupti eaque architecto blanditiis odit dicta optio.','Voluptate quis non non molestiae eum atque. Explicabo sequi asperiores repellendus aliquid. Cumque voluptas adipisci est et dolores corporis.\n\nUnde cum nihil praesentium nemo tempora ratione. Omnis doloremque reprehenderit voluptatem aut et. Consequatur qui eius sit consequatur deserunt. Et ut molestiae dolorem nobis est.','{\"facebook\":\"http:\\/\\/www.gibson.com\\/sit-quo-ut-et-repudiandae\",\"linkedin\":\"http:\\/\\/erdman.com\\/voluptates-assumenda-dicta-quaerat-ea-repellendus-doloremque.html\"}',0,'2026-05-13 00:25:22','2026-05-13 00:25:22'),(85,NULL,'Gutkowski Group','gutkowski-group','unclaimed','Terengganu, Malaysia',NULL,NULL,NULL,NULL,NULL,'Processor',NULL,'lester.feest@bogisich.com','417.455.7067',NULL,'http://www.beahan.com/voluptatem-nihil-rerum-excepturi-animi','/assets/hero.png','/assets/idxi-fish-logo.png','Cum eaque quia est fuga autem maxime repellendus.','Perferendis odio saepe pariatur quia deserunt dolore et. Dolor velit quae rerum. Animi at voluptates placeat quibusdam.\n\nVoluptatem rerum numquam tempora voluptatem dicta. Dolorem nulla id ad nesciunt minima ab quia quas. Eaque nihil corporis quia dolorum hic. Cum officia nisi ea ex sapiente laborum esse.','{\"facebook\":\"http:\\/\\/www.pollich.org\\/\",\"linkedin\":\"http:\\/\\/lindgren.com\\/fugiat-voluptate-aperiam-aut-suscipit-consequatur\"}',1,'2026-05-13 00:25:22','2026-05-13 00:25:22'),(86,NULL,'Moore-Paucek','moore-paucek','unclaimed','Penang, Malaysia',NULL,NULL,NULL,NULL,NULL,'Distributor',NULL,'lueilwitz.trisha@bosco.com','1-463-989-0365',NULL,'http://runolfsson.com/sunt-rerum-voluptas-maiores-qui-porro','/assets/hero.png','/assets/idxi-fish-logo.png','Velit praesentium facilis et aut sunt temporibus.','Perspiciatis est quo ut sit officia quo voluptatem. Veritatis fugit vitae porro nobis consequuntur dolorum consequatur non. Facilis nemo delectus est ut.\n\nQuibusdam numquam eum illo assumenda. Corporis harum aut expedita optio alias doloremque magni. Rerum ratione distinctio non et. Exercitationem porro qui deserunt.','{\"facebook\":\"http:\\/\\/www.lehner.com\\/et-totam-excepturi-nam-libero-eum-iusto\",\"linkedin\":\"http:\\/\\/www.rippin.com\\/\"}',0,'2026-05-13 00:25:22','2026-05-13 00:25:22'),(87,NULL,'Medhurst-Wunsch','medhurst-wunsch','unclaimed','Penang, Malaysia',NULL,NULL,NULL,NULL,NULL,'Distributor',NULL,'willy81@langosh.com','(878) 494-1631',NULL,'http://monahan.com/et-aspernatur-totam-ut-velit-nam-sed-sed-autem.html','/assets/hero.png','/assets/idxi-fish-logo.png','Voluptates impedit quia enim reprehenderit incidunt est.','Ut est ullam dolorum non. Distinctio vero porro suscipit eum. Ut ad et ut aut eum magnam voluptas.\n\nQui enim molestias sed suscipit est. Est laudantium et id tenetur. Ut alias numquam dolores commodi. Ut accusantium nobis ullam et illum mollitia.','{\"facebook\":\"http:\\/\\/www.goyette.com\\/sunt-odit-a-omnis-velit-aliquam.html\",\"linkedin\":\"http:\\/\\/gusikowski.org\\/atque-praesentium-fugit-aut-deserunt-alias-illum-amet-quis.html\"}',0,'2026-05-13 00:25:22','2026-05-13 00:25:22'),(88,NULL,'Langosh-Schowalter','langosh-schowalter','approved','Langkawi, Malaysia',NULL,NULL,NULL,NULL,NULL,'Distributor',NULL,'dakota.mcclure@skiles.org','716.882.4637',NULL,'http://www.osinski.com/accusantium-reiciendis-ullam-natus-id-adipisci','/assets/hero.png','/assets/idxi-fish-logo.png','Quia eos qui nesciunt molestias quis quia.','Adipisci doloribus nisi recusandae amet suscipit vel. Praesentium velit quis magni. Necessitatibus provident voluptate atque quia dolor. Repellendus eos quae atque totam.\n\nUnde eos reiciendis placeat molestias maxime ipsa fugiat sint. Dolorum harum nihil a quo corrupti dolorum dolor non. Labore velit et id quaerat.','{\"facebook\":\"http:\\/\\/www.rodriguez.com\\/nihil-architecto-cum-odio-fugiat-atque-omnis-delectus\",\"linkedin\":\"http:\\/\\/oconnell.com\\/quia-odio-voluptatum-nesciunt-repudiandae-sunt-ea.html\"}',0,'2026-05-13 00:25:22','2026-05-13 00:25:22'),(89,NULL,'Robel-Reilly','robel-reilly','approved','Johor Bahru, Malaysia',NULL,NULL,NULL,NULL,NULL,'Distributor',NULL,'yconsidine@kovacek.com','(915) 788-0424',NULL,'http://www.strosin.com/explicabo-modi-officiis-numquam-corporis-amet-vel','/assets/hero.png','/assets/idxi-fish-logo.png','Veniam et at ut aperiam in.','Nemo omnis sit voluptatem quisquam magni cupiditate et. Sed velit eum at tempora iste delectus incidunt. Est occaecati minima quas non non sequi.\n\nEt impedit deserunt in non ex consequatur sint. Inventore cum magni saepe ad sed. Debitis ullam quae qui exercitationem.','{\"facebook\":\"http:\\/\\/www.blick.net\\/\",\"linkedin\":\"http:\\/\\/walker.com\\/magnam-et-doloribus-voluptatum-ratione-quia-qui.html\"}',0,'2026-05-13 00:25:22','2026-05-13 00:25:22'),(90,NULL,'Baumbach-Hayes','baumbach-hayes','approved','Kuala Lumpur, Malaysia',NULL,NULL,NULL,NULL,NULL,'Equipment Supplier',NULL,'thaddeus92@heller.com','845.329.7783',NULL,'http://www.stark.com/','/assets/hero.png','/assets/idxi-fish-logo.png','Sapiente magni soluta iure labore quia nobis.','Velit vero repudiandae ut. Quis ratione beatae qui iure aperiam.\n\nDolorum voluptas voluptas qui minus culpa. Et blanditiis deserunt quae. Velit et rerum rerum autem sunt repellendus sed voluptatem. Vitae at necessitatibus laudantium numquam. Consequatur voluptas odio voluptatibus et aut.','{\"facebook\":\"http:\\/\\/www.crona.org\\/aut-provident-dolores-error-laborum-est-voluptatem-voluptate.html\",\"linkedin\":\"https:\\/\\/www.yost.com\\/numquam-cupiditate-debitis-quaerat-voluptate\"}',0,'2026-05-13 00:25:22','2026-05-13 00:25:22'),(91,NULL,'Volkman-Sauer','volkman-sauer','unclaimed','Langkawi, Malaysia',NULL,NULL,NULL,NULL,NULL,'Equipment Supplier',NULL,'lakin.josue@durgan.com','+1.657.460.8103',NULL,'http://www.roberts.info/accusantium-illo-libero-recusandae-distinctio-commodi-illo-voluptatem.html','/assets/hero.png','/assets/idxi-fish-logo.png','Sunt numquam voluptatem quam adipisci sed.','Sapiente qui eius accusamus autem nihil. Nesciunt non deleniti omnis earum sunt recusandae. Odit sint beatae consequuntur qui aperiam. Nesciunt earum beatae est quam.\n\nEnim sequi voluptatem eligendi ex aut. Explicabo qui sed dolores omnis nesciunt quidem. Consectetur vel placeat maxime. Libero ut dolor veniam fugiat. Molestiae et qui facilis impedit rerum quidem.','{\"facebook\":\"http:\\/\\/www.shanahan.com\\/\",\"linkedin\":\"http:\\/\\/damore.com\\/explicabo-soluta-doloremque-saepe-sit-ut-et\"}',0,'2026-05-13 00:25:22','2026-05-13 00:25:22'),(92,NULL,'Stamm Ltd','stamm-ltd','pending','Perak, Malaysia',NULL,NULL,NULL,NULL,NULL,'Manufacturer',NULL,'xzboncak@zulauf.com','+14048422612',NULL,'http://www.kihn.com/','/assets/hero.png','/assets/idxi-fish-logo.png','Doloremque enim sit unde voluptates.','Voluptate blanditiis ipsa praesentium voluptas aspernatur autem molestiae. Deserunt tempore sit iure totam voluptatem molestiae. Sequi tenetur vel harum. Ut sunt quae provident sint aperiam.\n\nEt ut est nisi vero in nulla. Atque perferendis quam non id. Qui sed placeat iusto delectus voluptatum et necessitatibus. Culpa omnis repellat aspernatur est iure voluptatem.','{\"facebook\":\"http:\\/\\/murazik.com\\/neque-impedit-a-eius-fuga\",\"linkedin\":\"http:\\/\\/herman.com\\/ut-nobis-adipisci-voluptas-praesentium-inventore-expedita-sed.html\"}',0,'2026-05-13 00:25:22','2026-05-13 00:25:22'),(93,NULL,'Corkery-Bradtke','corkery-bradtke','unclaimed','Terengganu, Malaysia',NULL,NULL,NULL,NULL,NULL,'Equipment Supplier',NULL,'oschumm@mertz.com','(207) 891-8935',NULL,'https://www.watsica.biz/et-et-amet-in-porro-ut-tempora-eum','/assets/hero.png','/assets/idxi-fish-logo.png','Eos praesentium quas tempore ipsum maiores quod consequatur.','Soluta in totam fugit quia nostrum. Adipisci dolore necessitatibus sed reprehenderit ad dolores accusantium. Id alias et et autem numquam accusantium. Dolore nihil eum iusto atque voluptatem voluptatum est.\n\nReprehenderit similique temporibus doloremque ut et qui. Odio exercitationem enim asperiores.','{\"facebook\":\"http:\\/\\/www.ebert.biz\\/\",\"linkedin\":\"http:\\/\\/kohler.net\\/sit-odit-tenetur-voluptatum\"}',0,'2026-05-13 00:25:22','2026-05-13 00:25:22'),(94,NULL,'Considine-Deckow','considine-deckow','pending','Terengganu, Malaysia',NULL,NULL,NULL,NULL,NULL,'Manufacturer',NULL,'wilmer.reynolds@trantow.com','210-772-5992',NULL,'http://langworth.com/id-laudantium-ex-numquam-quo-error-tenetur-fugiat','/assets/hero.png','/assets/idxi-fish-logo.png','Nihil repellendus eaque aut et.','Ut suscipit quo blanditiis iste. Nobis mollitia aperiam inventore at inventore vel. Voluptates id et sit repellat illum. Incidunt necessitatibus tempore magni non.\n\nNisi corrupti dolorem non animi. Illo quos tenetur aspernatur quod quaerat. Iusto velit aliquam ea dolor aut.','{\"facebook\":\"http:\\/\\/www.stanton.biz\\/ea-qui-iste-necessitatibus\",\"linkedin\":\"https:\\/\\/willms.com\\/sint-voluptates-fuga-aliquid-unde-dolorum.html\"}',0,'2026-05-13 00:25:22','2026-05-13 00:25:22'),(95,NULL,'Erdman-Bradtke','erdman-bradtke','unclaimed','Kuching, Malaysia',NULL,NULL,NULL,NULL,NULL,'Equipment Supplier',NULL,'osimonis@rolfson.com','1-863-894-7651',NULL,'http://www.swaniawski.org/','/assets/hero.png','/assets/idxi-fish-logo.png','Ullam aut aut sit tenetur facilis et.','Aut cupiditate tenetur in rerum libero. Enim veniam eum beatae et incidunt sequi. Perferendis qui quo qui quis unde corporis rerum.\n\nPariatur maxime repellat esse. Qui eveniet ratione optio et. Dolorem eaque atque tempora iure tempora. Corporis alias nostrum dicta qui consequuntur iste. Ut soluta qui aliquam ea animi.','{\"facebook\":\"http:\\/\\/jacobs.net\\/aut-est-repellendus-aliquid-cumque-officiis\",\"linkedin\":\"http:\\/\\/www.deckow.com\\/\"}',0,'2026-05-13 00:25:22','2026-05-13 00:25:22'),(96,NULL,'Feest, Kerluke and Hessel','feest-kerluke-and-hessel','approved','Terengganu, Malaysia',NULL,NULL,NULL,NULL,NULL,'Equipment Supplier',NULL,'dayton43@hamill.info','(231) 896-7149',NULL,'http://www.swift.com/odit-sint-inventore-eveniet-velit.html','/assets/hero.png','/assets/idxi-fish-logo.png','Et deserunt nulla et est eaque fuga.','Quod repellendus voluptas delectus quas accusamus qui. Molestias sunt a sapiente qui libero dolorem facere maxime. Sit quia aliquam aut in. Eius hic atque aperiam.\n\nDignissimos eligendi dolorem assumenda aperiam quasi. Assumenda omnis qui dolor itaque ipsum inventore. Officiis vero voluptate omnis facere omnis maiores enim magnam. Tenetur laborum rerum et culpa et possimus. Quod voluptatem libero enim magni mollitia.','{\"facebook\":\"http:\\/\\/www.mcdermott.com\\/nobis-voluptate-autem-optio-molestiae-doloremque-eius-sed\",\"linkedin\":\"http:\\/\\/marvin.com\\/fuga-ut-ad-nihil.html\"}',1,'2026-05-13 00:25:22','2026-05-13 00:25:22'),(97,NULL,'Rohan Group','rohan-group','unclaimed','Kelantan, Malaysia',NULL,NULL,NULL,NULL,NULL,'Exporter',NULL,'terry.stevie@koch.com','1-906-783-1784',NULL,'https://www.marquardt.com/amet-quibusdam-praesentium-rerum-doloribus','/assets/hero.png','/assets/idxi-fish-logo.png','Sapiente ratione reiciendis omnis qui sequi eius quisquam.','Et eos in enim molestiae fugit cumque illum. Voluptas non porro voluptatem ut optio. Perferendis labore in et ut consequatur esse. Vero placeat dolorum excepturi sit reiciendis.\n\nSit quidem aut earum iusto error labore ex et. Rem et ullam ea minima voluptatem omnis voluptatem temporibus. Voluptatem ut vitae doloribus sit saepe qui.','{\"facebook\":\"https:\\/\\/koss.com\\/accusamus-provident-vero-animi-et-vel.html\",\"linkedin\":\"http:\\/\\/konopelski.com\\/\"}',1,'2026-05-13 00:25:22','2026-05-13 00:25:22'),(98,NULL,'Bartoletti Group','bartoletti-group','approved','Perak, Malaysia',NULL,NULL,NULL,NULL,NULL,'Processor',NULL,'penelope68@feest.com','458.682.6658',NULL,'http://abshire.com/iure-impedit-dolores-qui-cum-repudiandae.html','/assets/hero.png','/assets/idxi-fish-logo.png','Doloremque quas maiores asperiores odio qui ea et.','Itaque repellendus soluta quo sunt vitae magnam rerum. Quas qui ipsum voluptas placeat ad. Et ipsam et vel omnis sit blanditiis. Aliquam cumque ipsam et deserunt magni quod.\n\nExcepturi quia in qui. Id animi qui adipisci hic. Voluptatem quaerat error mollitia atque neque quia.','{\"facebook\":\"http:\\/\\/www.schmeler.info\\/est-a-odio-eos-iure-qui-occaecati-porro.html\",\"linkedin\":\"http:\\/\\/toy.info\\/cum-ipsam-et-sint-eos-illum-dolore-non\"}',1,'2026-05-13 00:25:22','2026-05-13 00:25:22'),(99,NULL,'Schimmel, Lowe and Block','schimmel-lowe-and-block','approved','Johor Bahru, Malaysia',NULL,NULL,NULL,NULL,NULL,'Exporter',NULL,'pbergnaum@osinski.info','+1-734-343-7633',NULL,'http://schmitt.com/','/assets/hero.png','/assets/idxi-fish-logo.png','In molestiae ipsam omnis nulla qui et harum.','Qui qui ad placeat sint optio expedita. Quam officia enim quis iste distinctio est culpa. Laudantium at velit atque.\n\nItaque beatae reiciendis facilis natus rerum. Quas et ad quae sed cum rem. Labore ipsam nihil neque perferendis enim. Aut et et consequatur ut ipsum corrupti animi.','{\"facebook\":\"http:\\/\\/www.bosco.com\\/\",\"linkedin\":\"http:\\/\\/www.moen.net\\/eligendi-est-qui-cumque-dolorem-corrupti-dicta-vitae.html\"}',0,'2026-05-13 00:25:22','2026-05-13 00:25:22'),(100,NULL,'Auer Inc','auer-inc','approved','Kelantan, Malaysia',NULL,NULL,NULL,NULL,NULL,'Processor',NULL,'antonetta.torphy@russel.com','1-346-787-7035',NULL,'http://harris.com/beatae-omnis-sequi-explicabo-velit-et-voluptatibus','/assets/hero.png','/assets/idxi-fish-logo.png','Reprehenderit tempora cumque quibusdam consequuntur.','Facere ut quibusdam harum quos ea vero. Qui nihil in et qui exercitationem autem illo. Fuga eveniet aut iusto occaecati iusto beatae quam nihil.\n\nUnde dolore itaque autem ipsum modi dolorum. Nulla beatae modi quia qui quos. Corporis quo laborum vel ut. Alias dignissimos dignissimos libero est facere quis.','{\"facebook\":\"https:\\/\\/white.info\\/modi-omnis-magni-doloremque-occaecati-modi-inventore-excepturi-nulla.html\",\"linkedin\":\"https:\\/\\/www.predovic.com\\/vitae-accusantium-non-sunt-eum-optio-nemo-fugiat\"}',0,'2026-05-13 00:25:22','2026-05-13 00:25:22'),(101,NULL,'Gorczany-Eichmann','gorczany-eichmann','approved','Johor Bahru, Malaysia',NULL,NULL,NULL,NULL,NULL,'Distributor',NULL,'schuster.louvenia@swift.com','364.720.6268',NULL,'http://steuber.biz/dolores-tempore-est-quia-assumenda-rerum-quisquam-et-nulla','/assets/hero.png','/assets/idxi-fish-logo.png','Dolorem quia vel quaerat aperiam ea ut dolorem eos.','Sed enim itaque molestiae error beatae. Mollitia nemo distinctio a consequatur quos necessitatibus eos autem. Est et et eligendi cupiditate. Quas suscipit ut aut quos et ut.\n\nTenetur voluptatem dolores tenetur optio consequatur. Ut nisi qui in eaque placeat et qui. Reiciendis ea facilis error.','{\"facebook\":\"http:\\/\\/www.ziemann.com\\/sequi-occaecati-perspiciatis-expedita-ipsam-est\",\"linkedin\":\"http:\\/\\/www.beer.com\\/ut-libero-totam-blanditiis-sed-dignissimos-inventore.html\"}',0,'2026-05-13 00:25:22','2026-05-13 00:25:22'),(102,NULL,'Gislason, Schmitt and Cummings','gislason-schmitt-and-cummings','approved','Kuching, Malaysia',NULL,NULL,NULL,NULL,NULL,'Exporter',NULL,'hazle.lebsack@thiel.com','(959) 712-4179',NULL,'http://homenick.biz/necessitatibus-modi-aut-adipisci.html','/assets/hero.png','/assets/idxi-fish-logo.png','Harum nihil modi quisquam sit ipsa enim vel.','Ducimus est autem nostrum ut reprehenderit. Nihil est beatae quia aspernatur. Fugiat officiis corrupti illum voluptatem voluptatem earum amet. Soluta esse nihil numquam dolor.\n\nProvident enim ipsa dolor repellat quas. In dolor in ipsam beatae. Maiores a non doloremque sed ea repellat reprehenderit qui.','{\"facebook\":\"http:\\/\\/tillman.net\\/\",\"linkedin\":\"http:\\/\\/emmerich.com\\/rerum-qui-ducimus-qui-est-corporis-perferendis.html\"}',0,'2026-05-13 00:25:22','2026-05-13 00:25:22'),(103,NULL,'Monahan-Kuhn','monahan-kuhn','approved','Selangor, Malaysia',NULL,NULL,NULL,NULL,NULL,'Processor',NULL,'xskiles@walter.com','(678) 874-2835',NULL,'http://carter.com/magnam-voluptas-sint-quis-veritatis-molestiae-qui','/assets/hero.png','/assets/idxi-fish-logo.png','Fugiat iusto ut consectetur laboriosam praesentium molestias rerum minus.','Odit recusandae repellendus voluptatum aut exercitationem reprehenderit voluptatem. Voluptatem labore numquam iusto non quia et harum. Mollitia veniam porro ratione sit. Nulla saepe placeat illo laborum nesciunt impedit voluptate.\n\nRem aliquid quos nihil possimus omnis. Et pariatur maxime soluta pariatur. Distinctio qui quia unde repellendus omnis dolores.','{\"facebook\":\"http:\\/\\/www.prohaska.com\\/\",\"linkedin\":\"http:\\/\\/www.okon.com\\/commodi-assumenda-nesciunt-est-explicabo-consequatur\"}',0,'2026-05-13 00:25:22','2026-05-13 00:25:22');
/*!40000 ALTER TABLE `companies` ENABLE KEYS */;
UNLOCK TABLES;

--
-- Table structure for table `company_analytics_events`
--

DROP TABLE IF EXISTS `company_analytics_events`;
/*!40101 SET @saved_cs_client     = @@character_set_client */;
/*!40101 SET character_set_client = utf8 */;
CREATE TABLE `company_analytics_events` (
  `id` bigint(20) unsigned NOT NULL AUTO_INCREMENT,
  `company_id` bigint(20) unsigned NOT NULL,
  `user_id` bigint(20) unsigned DEFAULT NULL,
  `event_type` varchar(255) NOT NULL,
  `meta` longtext CHARACTER SET utf8mb4 COLLATE utf8mb4_bin DEFAULT NULL CHECK (json_valid(`meta`)),
  `created_at` timestamp NULL DEFAULT NULL,
  `updated_at` timestamp NULL DEFAULT NULL,
  PRIMARY KEY (`id`),
  KEY `company_analytics_events_company_id_foreign` (`company_id`),
  KEY `company_analytics_events_user_id_foreign` (`user_id`),
  CONSTRAINT `company_analytics_events_company_id_foreign` FOREIGN KEY (`company_id`) REFERENCES `companies` (`id`) ON DELETE CASCADE,
  CONSTRAINT `company_analytics_events_user_id_foreign` FOREIGN KEY (`user_id`) REFERENCES `users` (`id`) ON DELETE SET NULL
) ENGINE=InnoDB AUTO_INCREMENT=28 DEFAULT CHARSET=utf8mb4 COLLATE=utf8mb4_unicode_ci;
/*!40101 SET character_set_client = @saved_cs_client */;

--
-- Dumping data for table `company_analytics_events`
--

LOCK TABLES `company_analytics_events` WRITE;
/*!40000 ALTER TABLE `company_analytics_events` DISABLE KEYS */;
INSERT INTO `company_analytics_events` VALUES (1,2,NULL,'listing_view','{\"route\":\"directory.show\"}','2026-05-11 23:23:32','2026-05-11 23:23:32'),(2,2,NULL,'listing_view','{\"ip\":\"127.0.0.1\",\"user_agent\":\"Mozilla\\/5.0 (Windows NT 10.0; Win64; x64) AppleWebKit\\/537.36 (KHTML, like Gecko) Chrome\\/148.0.0.0 Safari\\/537.36\"}','2026-05-12 19:07:00','2026-05-12 19:07:00'),(3,3,1,'listing_view','{\"ip\":\"127.0.0.1\",\"user_agent\":\"Mozilla\\/5.0 (Windows NT 10.0; Win64; x64) AppleWebKit\\/537.36 (KHTML, like Gecko) Chrome\\/148.0.0.0 Safari\\/537.36\"}','2026-05-13 00:14:40','2026-05-13 00:14:40'),(4,3,1,'listing_view','{\"ip\":\"127.0.0.1\",\"user_agent\":\"Mozilla\\/5.0 (Windows NT 10.0; Win64; x64) AppleWebKit\\/537.36 (KHTML, like Gecko) Chrome\\/148.0.0.0 Safari\\/537.36\"}','2026-05-13 00:17:32','2026-05-13 00:17:32'),(5,3,1,'listing_view','{\"ip\":\"127.0.0.1\",\"user_agent\":\"Mozilla\\/5.0 (Windows NT 10.0; Win64; x64) AppleWebKit\\/537.36 (KHTML, like Gecko) Chrome\\/148.0.0.0 Safari\\/537.36\"}','2026-05-13 00:17:50','2026-05-13 00:17:50'),(6,3,1,'listing_view','{\"ip\":\"127.0.0.1\",\"user_agent\":\"Mozilla\\/5.0 (Windows NT 10.0; Win64; x64) AppleWebKit\\/537.36 (KHTML, like Gecko) Chrome\\/148.0.0.0 Safari\\/537.36\"}','2026-05-13 00:18:59','2026-05-13 00:18:59'),(7,3,1,'listing_view','{\"ip\":\"127.0.0.1\",\"user_agent\":\"Mozilla\\/5.0 (Windows NT 10.0; Win64; x64) AppleWebKit\\/537.36 (KHTML, like Gecko) Chrome\\/148.0.0.0 Safari\\/537.36\"}','2026-05-13 00:20:35','2026-05-13 00:20:35'),(8,3,1,'listing_view','{\"ip\":\"127.0.0.1\",\"user_agent\":\"Mozilla\\/5.0 (Windows NT 10.0; Win64; x64) AppleWebKit\\/537.36 (KHTML, like Gecko) Chrome\\/148.0.0.0 Safari\\/537.36\"}','2026-05-13 00:21:13','2026-05-13 00:21:13'),(9,3,1,'listing_view','{\"ip\":\"127.0.0.1\",\"user_agent\":\"Mozilla\\/5.0 (Windows NT 10.0; Win64; x64) AppleWebKit\\/537.36 (KHTML, like Gecko) Chrome\\/148.0.0.0 Safari\\/537.36\"}','2026-05-13 00:23:29','2026-05-13 00:23:29'),(10,3,1,'listing_view','{\"ip\":\"127.0.0.1\",\"user_agent\":\"Mozilla\\/5.0 (Windows NT 10.0; Win64; x64) AppleWebKit\\/537.36 (KHTML, like Gecko) Chrome\\/148.0.0.0 Safari\\/537.36\"}','2026-05-13 00:23:40','2026-05-13 00:23:40'),(11,8,1,'listing_view','{\"ip\":\"127.0.0.1\",\"user_agent\":\"Mozilla\\/5.0 (Windows NT 10.0; Win64; x64) AppleWebKit\\/537.36 (KHTML, like Gecko) Chrome\\/148.0.0.0 Safari\\/537.36\"}','2026-05-13 00:27:53','2026-05-13 00:27:53'),(12,2,NULL,'listing_view','{\"ip\":\"127.0.0.1\",\"user_agent\":\"Mozilla\\/5.0 (Windows NT 10.0; Win64; x64) AppleWebKit\\/537.36 (KHTML, like Gecko) Chrome\\/148.0.0.0 Safari\\/537.36\"}','2026-05-13 21:59:27','2026-05-13 21:59:27'),(13,10,NULL,'listing_view','{\"ip\":\"127.0.0.1\",\"user_agent\":\"Mozilla\\/5.0 (Windows NT 10.0; Win64; x64) AppleWebKit\\/537.36 (KHTML, like Gecko) Chrome\\/148.0.0.0 Safari\\/537.36\"}','2026-05-13 22:03:25','2026-05-13 22:03:25'),(14,2,NULL,'listing_view','{\"ip\":\"127.0.0.1\",\"user_agent\":\"Mozilla\\/5.0 (Windows NT 10.0; Win64; x64) AppleWebKit\\/537.36 (KHTML, like Gecko) Chrome\\/148.0.0.0 Safari\\/537.36\"}','2026-05-13 22:04:01','2026-05-13 22:04:01'),(15,3,NULL,'listing_view','{\"ip\":\"127.0.0.1\",\"user_agent\":\"Mozilla\\/5.0 (Windows NT 10.0; Win64; x64) AppleWebKit\\/537.36 (KHTML, like Gecko) Chrome\\/148.0.0.0 Safari\\/537.36\"}','2026-05-13 22:13:56','2026-05-13 22:13:56'),(16,3,NULL,'listing_view','{\"ip\":\"127.0.0.1\",\"user_agent\":\"Mozilla\\/5.0 (Windows NT 10.0; Microsoft Windows 10.0.26200; ms-MY) PowerShell\\/7.6.1\"}','2026-05-13 22:20:46','2026-05-13 22:20:46'),(17,3,NULL,'listing_view','{\"ip\":\"127.0.0.1\",\"user_agent\":\"Mozilla\\/5.0 (Windows NT 10.0; Win64; x64) AppleWebKit\\/537.36 (KHTML, like Gecko) Chrome\\/148.0.0.0 Safari\\/537.36\"}','2026-05-13 22:26:10','2026-05-13 22:26:10'),(18,3,NULL,'listing_view','{\"ip\":\"127.0.0.1\",\"user_agent\":\"Mozilla\\/5.0 (iPhone; CPU iPhone OS 16_0 like Mac OS X) AppleWebKit\\/605.1.15 (KHTML, like Gecko) Version\\/16.0 Mobile\\/15E148 Safari\\/604.1\"}','2026-05-13 22:27:12','2026-05-13 22:27:12'),(19,3,NULL,'listing_view','{\"ip\":\"127.0.0.1\",\"user_agent\":\"Mozilla\\/5.0 (Windows NT 10.0; Win64; x64) AppleWebKit\\/537.36 (KHTML, like Gecko) Chrome\\/148.0.0.0 Safari\\/537.36\"}','2026-05-13 22:27:40','2026-05-13 22:27:40'),(20,3,NULL,'listing_view','{\"ip\":\"127.0.0.1\",\"user_agent\":\"Mozilla\\/5.0 (Windows NT 10.0; Win64; x64) AppleWebKit\\/537.36 (KHTML, like Gecko) Chrome\\/148.0.0.0 Safari\\/537.36\"}','2026-05-13 22:27:47','2026-05-13 22:27:47'),(21,1,NULL,'listing_view','{\"ip\":\"127.0.0.1\",\"user_agent\":\"Mozilla\\/5.0 (Windows NT 10.0; Microsoft Windows 10.0.26200; ms-MY) PowerShell\\/7.6.1\"}','2026-05-13 23:35:01','2026-05-13 23:35:01'),(22,1,NULL,'listing_view','{\"ip\":\"127.0.0.1\",\"user_agent\":\"Mozilla\\/5.0 (Windows NT 10.0; Microsoft Windows 10.0.26200; ms-MY) PowerShell\\/7.6.1\"}','2026-05-13 23:38:20','2026-05-13 23:38:20'),(23,20,NULL,'listing_view','{\"ip\":\"127.0.0.1\",\"user_agent\":\"Mozilla\\/5.0 (Windows NT 10.0; Win64; x64) AppleWebKit\\/537.36 (KHTML, like Gecko) Chrome\\/148.0.0.0 Safari\\/537.36\"}','2026-05-14 01:23:34','2026-05-14 01:23:34'),(24,68,NULL,'listing_view','{\"ip\":\"127.0.0.1\",\"user_agent\":\"Mozilla\\/5.0 (Windows NT 10.0; Win64; x64) AppleWebKit\\/537.36 (KHTML, like Gecko) Chrome\\/148.0.0.0 Safari\\/537.36\"}','2026-05-14 01:29:16','2026-05-14 01:29:16'),(25,68,NULL,'listing_view','{\"ip\":\"127.0.0.1\",\"user_agent\":\"Mozilla\\/5.0 (Windows NT 10.0; Win64; x64) AppleWebKit\\/537.36 (KHTML, like Gecko) Chrome\\/148.0.0.0 Safari\\/537.36\"}','2026-05-14 01:29:16','2026-05-14 01:29:16'),(26,68,NULL,'listing_view','{\"ip\":\"127.0.0.1\",\"user_agent\":\"Mozilla\\/5.0 (Windows NT 10.0; Win64; x64) AppleWebKit\\/537.36 (KHTML, like Gecko) Chrome\\/148.0.0.0 Safari\\/537.36\"}','2026-05-14 01:29:17','2026-05-14 01:29:17'),(27,2,NULL,'listing_view','{\"ip\":\"127.0.0.1\",\"user_agent\":\"Mozilla\\/5.0 (Windows NT 10.0; Win64; x64) AppleWebKit\\/537.36 (KHTML, like Gecko) Chrome\\/148.0.0.0 Safari\\/537.36\"}','2026-05-18 03:20:51','2026-05-18 03:20:51');
/*!40000 ALTER TABLE `company_analytics_events` ENABLE KEYS */;
UNLOCK TABLES;

--
-- Table structure for table `conversations`
--

DROP TABLE IF EXISTS `conversations`;
/*!40101 SET @saved_cs_client     = @@character_set_client */;
/*!40101 SET character_set_client = utf8 */;
CREATE TABLE `conversations` (
  `id` bigint(20) unsigned NOT NULL AUTO_INCREMENT,
  `user_id` bigint(20) unsigned NOT NULL,
  `company_id` bigint(20) unsigned NOT NULL,
  `last_message_at` timestamp NULL DEFAULT NULL,
  `created_at` timestamp NULL DEFAULT NULL,
  `updated_at` timestamp NULL DEFAULT NULL,
  PRIMARY KEY (`id`),
  UNIQUE KEY `conversations_user_id_company_id_unique` (`user_id`,`company_id`),
  KEY `conversations_company_id_foreign` (`company_id`),
  CONSTRAINT `conversations_company_id_foreign` FOREIGN KEY (`company_id`) REFERENCES `companies` (`id`) ON DELETE CASCADE,
  CONSTRAINT `conversations_user_id_foreign` FOREIGN KEY (`user_id`) REFERENCES `users` (`id`) ON DELETE CASCADE
) ENGINE=InnoDB AUTO_INCREMENT=2 DEFAULT CHARSET=utf8mb4 COLLATE=utf8mb4_unicode_ci;
/*!40101 SET character_set_client = @saved_cs_client */;

--
-- Dumping data for table `conversations`
--

LOCK TABLES `conversations` WRITE;
/*!40000 ALTER TABLE `conversations` DISABLE KEYS */;
INSERT INTO `conversations` VALUES (1,2,1,'2026-05-11 23:23:25','2026-05-11 23:23:25','2026-05-11 23:23:25');
/*!40000 ALTER TABLE `conversations` ENABLE KEYS */;
UNLOCK TABLES;

--
-- Table structure for table `failed_jobs`
--

DROP TABLE IF EXISTS `failed_jobs`;
/*!40101 SET @saved_cs_client     = @@character_set_client */;
/*!40101 SET character_set_client = utf8 */;
CREATE TABLE `failed_jobs` (
  `id` bigint(20) unsigned NOT NULL AUTO_INCREMENT,
  `uuid` varchar(255) NOT NULL,
  `connection` text NOT NULL,
  `queue` text NOT NULL,
  `payload` longtext NOT NULL,
  `exception` longtext NOT NULL,
  `failed_at` timestamp NOT NULL DEFAULT current_timestamp(),
  PRIMARY KEY (`id`),
  UNIQUE KEY `failed_jobs_uuid_unique` (`uuid`)
) ENGINE=InnoDB DEFAULT CHARSET=utf8mb4 COLLATE=utf8mb4_unicode_ci;
/*!40101 SET character_set_client = @saved_cs_client */;

--
-- Dumping data for table `failed_jobs`
--

LOCK TABLES `failed_jobs` WRITE;
/*!40000 ALTER TABLE `failed_jobs` DISABLE KEYS */;
/*!40000 ALTER TABLE `failed_jobs` ENABLE KEYS */;
UNLOCK TABLES;

--
-- Table structure for table `favorites`
--

DROP TABLE IF EXISTS `favorites`;
/*!40101 SET @saved_cs_client     = @@character_set_client */;
/*!40101 SET character_set_client = utf8 */;
CREATE TABLE `favorites` (
  `id` bigint(20) unsigned NOT NULL AUTO_INCREMENT,
  `user_id` bigint(20) unsigned NOT NULL,
  `company_id` bigint(20) unsigned NOT NULL,
  `created_at` timestamp NULL DEFAULT NULL,
  `updated_at` timestamp NULL DEFAULT NULL,
  PRIMARY KEY (`id`),
  UNIQUE KEY `favorites_user_id_company_id_unique` (`user_id`,`company_id`),
  KEY `favorites_company_id_foreign` (`company_id`),
  CONSTRAINT `favorites_company_id_foreign` FOREIGN KEY (`company_id`) REFERENCES `companies` (`id`) ON DELETE CASCADE,
  CONSTRAINT `favorites_user_id_foreign` FOREIGN KEY (`user_id`) REFERENCES `users` (`id`) ON DELETE CASCADE
) ENGINE=InnoDB DEFAULT CHARSET=utf8mb4 COLLATE=utf8mb4_unicode_ci;
/*!40101 SET character_set_client = @saved_cs_client */;

--
-- Dumping data for table `favorites`
--

LOCK TABLES `favorites` WRITE;
/*!40000 ALTER TABLE `favorites` DISABLE KEYS */;
/*!40000 ALTER TABLE `favorites` ENABLE KEYS */;
UNLOCK TABLES;

--
-- Table structure for table `job_batches`
--

DROP TABLE IF EXISTS `job_batches`;
/*!40101 SET @saved_cs_client     = @@character_set_client */;
/*!40101 SET character_set_client = utf8 */;
CREATE TABLE `job_batches` (
  `id` varchar(255) NOT NULL,
  `name` varchar(255) NOT NULL,
  `total_jobs` int(11) NOT NULL,
  `pending_jobs` int(11) NOT NULL,
  `failed_jobs` int(11) NOT NULL,
  `failed_job_ids` longtext NOT NULL,
  `options` mediumtext DEFAULT NULL,
  `cancelled_at` int(11) DEFAULT NULL,
  `created_at` int(11) NOT NULL,
  `finished_at` int(11) DEFAULT NULL,
  PRIMARY KEY (`id`)
) ENGINE=InnoDB DEFAULT CHARSET=utf8mb4 COLLATE=utf8mb4_unicode_ci;
/*!40101 SET character_set_client = @saved_cs_client */;

--
-- Dumping data for table `job_batches`
--

LOCK TABLES `job_batches` WRITE;
/*!40000 ALTER TABLE `job_batches` DISABLE KEYS */;
/*!40000 ALTER TABLE `job_batches` ENABLE KEYS */;
UNLOCK TABLES;

--
-- Table structure for table `jobs`
--

DROP TABLE IF EXISTS `jobs`;
/*!40101 SET @saved_cs_client     = @@character_set_client */;
/*!40101 SET character_set_client = utf8 */;
CREATE TABLE `jobs` (
  `id` bigint(20) unsigned NOT NULL AUTO_INCREMENT,
  `queue` varchar(255) NOT NULL,
  `payload` longtext NOT NULL,
  `attempts` tinyint(3) unsigned NOT NULL,
  `reserved_at` int(10) unsigned DEFAULT NULL,
  `available_at` int(10) unsigned NOT NULL,
  `created_at` int(10) unsigned NOT NULL,
  PRIMARY KEY (`id`),
  KEY `jobs_queue_index` (`queue`)
) ENGINE=InnoDB DEFAULT CHARSET=utf8mb4 COLLATE=utf8mb4_unicode_ci;
/*!40101 SET character_set_client = @saved_cs_client */;

--
-- Dumping data for table `jobs`
--

LOCK TABLES `jobs` WRITE;
/*!40000 ALTER TABLE `jobs` DISABLE KEYS */;
/*!40000 ALTER TABLE `jobs` ENABLE KEYS */;
UNLOCK TABLES;

--
-- Table structure for table `leads`
--

DROP TABLE IF EXISTS `leads`;
/*!40101 SET @saved_cs_client     = @@character_set_client */;
/*!40101 SET character_set_client = utf8 */;
CREATE TABLE `leads` (
  `id` bigint(20) unsigned NOT NULL AUTO_INCREMENT,
  `company_id` bigint(20) unsigned NOT NULL,
  `user_id` bigint(20) unsigned DEFAULT NULL,
  `name` varchar(255) NOT NULL,
  `email` varchar(255) DEFAULT NULL,
  `phone` varchar(255) DEFAULT NULL,
  `product_interest` varchar(255) DEFAULT NULL,
  `message` text NOT NULL,
  `status` varchar(255) NOT NULL DEFAULT 'new',
  `contacted_at` timestamp NULL DEFAULT NULL,
  `created_at` timestamp NULL DEFAULT NULL,
  `updated_at` timestamp NULL DEFAULT NULL,
  PRIMARY KEY (`id`),
  KEY `leads_company_id_foreign` (`company_id`),
  KEY `leads_user_id_foreign` (`user_id`),
  CONSTRAINT `leads_company_id_foreign` FOREIGN KEY (`company_id`) REFERENCES `companies` (`id`) ON DELETE CASCADE,
  CONSTRAINT `leads_user_id_foreign` FOREIGN KEY (`user_id`) REFERENCES `users` (`id`) ON DELETE SET NULL
) ENGINE=InnoDB DEFAULT CHARSET=utf8mb4 COLLATE=utf8mb4_unicode_ci;
/*!40101 SET character_set_client = @saved_cs_client */;

--
-- Dumping data for table `leads`
--

LOCK TABLES `leads` WRITE;
/*!40000 ALTER TABLE `leads` DISABLE KEYS */;
/*!40000 ALTER TABLE `leads` ENABLE KEYS */;
UNLOCK TABLES;

--
-- Table structure for table `messages`
--

DROP TABLE IF EXISTS `messages`;
/*!40101 SET @saved_cs_client     = @@character_set_client */;
/*!40101 SET character_set_client = utf8 */;
CREATE TABLE `messages` (
  `id` bigint(20) unsigned NOT NULL AUTO_INCREMENT,
  `conversation_id` bigint(20) unsigned NOT NULL,
  `user_id` bigint(20) unsigned NOT NULL,
  `body` text NOT NULL,
  `read_at` timestamp NULL DEFAULT NULL,
  `created_at` timestamp NULL DEFAULT NULL,
  `updated_at` timestamp NULL DEFAULT NULL,
  PRIMARY KEY (`id`),
  KEY `messages_conversation_id_foreign` (`conversation_id`),
  KEY `messages_user_id_foreign` (`user_id`),
  CONSTRAINT `messages_conversation_id_foreign` FOREIGN KEY (`conversation_id`) REFERENCES `conversations` (`id`) ON DELETE CASCADE,
  CONSTRAINT `messages_user_id_foreign` FOREIGN KEY (`user_id`) REFERENCES `users` (`id`) ON DELETE CASCADE
) ENGINE=InnoDB AUTO_INCREMENT=3 DEFAULT CHARSET=utf8mb4 COLLATE=utf8mb4_unicode_ci;
/*!40101 SET character_set_client = @saved_cs_client */;

--
-- Dumping data for table `messages`
--

LOCK TABLES `messages` WRITE;
/*!40000 ALTER TABLE `messages` DISABLE KEYS */;
INSERT INTO `messages` VALUES (1,1,2,'Hello, can you share the latest pricing sheet for frozen tuna portions?',NULL,'2026-05-11 23:23:25','2026-05-11 23:23:25'),(2,1,3,'Absolutely. We can share current export pricing after account verification.',NULL,'2026-05-11 23:23:25','2026-05-11 23:23:25');
/*!40000 ALTER TABLE `messages` ENABLE KEYS */;
UNLOCK TABLES;

--
-- Table structure for table `migrations`
--

DROP TABLE IF EXISTS `migrations`;
/*!40101 SET @saved_cs_client     = @@character_set_client */;
/*!40101 SET character_set_client = utf8 */;
CREATE TABLE `migrations` (
  `id` int(10) unsigned NOT NULL AUTO_INCREMENT,
  `migration` varchar(255) NOT NULL,
  `batch` int(11) NOT NULL,
  PRIMARY KEY (`id`)
) ENGINE=InnoDB AUTO_INCREMENT=22 DEFAULT CHARSET=utf8mb4 COLLATE=utf8mb4_unicode_ci;
/*!40101 SET character_set_client = @saved_cs_client */;

--
-- Dumping data for table `migrations`
--

LOCK TABLES `migrations` WRITE;
/*!40000 ALTER TABLE `migrations` DISABLE KEYS */;
INSERT INTO `migrations` VALUES (1,'0001_01_01_000000_create_users_table',1),(2,'0001_01_01_000001_create_cache_table',1),(3,'0001_01_01_000002_create_jobs_table',1),(4,'2026_05_10_043526_create_categories_table',1),(5,'2026_05_10_043527_create_companies_table',1),(6,'2026_05_10_043528_create_favorites_table',1),(7,'2026_05_10_043529_create_search_histories_table',1),(8,'2026_05_10_043530_create_claim_requests_table',1),(9,'2026_05_10_043531_create_products_table',1),(10,'2026_05_10_043532_create_campaigns_table',1),(11,'2026_05_10_043533_create_news_events_table',1),(12,'2026_05_10_043534_create_company_analytics_events_table',1),(13,'2026_05_10_043535_create_conversations_table',1),(14,'2026_05_10_043536_create_messages_table',1),(15,'2026_05_10_043834_create_category_company_table',1),(16,'2026_05_12_093118_create_user_categories_table',2),(17,'2026_05_12_093125_create_category_user_table',2),(18,'2026_05_13_041238_create_subscription_plans_table',3),(19,'2026_05_13_041240_create_subscriptions_table',3),(20,'2026_05_13_042500_create_leads_table',3),(21,'2026_05_13_043000_add_plan_fields_to_companies_and_products',3);
/*!40000 ALTER TABLE `migrations` ENABLE KEYS */;
UNLOCK TABLES;

--
-- Table structure for table `news_events`
--

DROP TABLE IF EXISTS `news_events`;
/*!40101 SET @saved_cs_client     = @@character_set_client */;
/*!40101 SET character_set_client = utf8 */;
CREATE TABLE `news_events` (
  `id` bigint(20) unsigned NOT NULL AUTO_INCREMENT,
  `company_id` bigint(20) unsigned NOT NULL,
  `title` varchar(255) NOT NULL,
  `summary` text DEFAULT NULL,
  `published_on` date DEFAULT NULL,
  `is_active` tinyint(1) NOT NULL DEFAULT 1,
  `created_at` timestamp NULL DEFAULT NULL,
  `updated_at` timestamp NULL DEFAULT NULL,
  PRIMARY KEY (`id`),
  KEY `news_events_company_id_foreign` (`company_id`),
  CONSTRAINT `news_events_company_id_foreign` FOREIGN KEY (`company_id`) REFERENCES `companies` (`id`) ON DELETE CASCADE
) ENGINE=InnoDB AUTO_INCREMENT=2 DEFAULT CHARSET=utf8mb4 COLLATE=utf8mb4_unicode_ci;
/*!40101 SET character_set_client = @saved_cs_client */;

--
-- Dumping data for table `news_events`
--

LOCK TABLES `news_events` WRITE;
/*!40000 ALTER TABLE `news_events` DISABLE KEYS */;
INSERT INTO `news_events` VALUES (1,1,'New cold storage line goes live','The second cold storage line is now active for larger buyer allocations.','2026-04-30',1,'2026-05-11 23:23:25','2026-05-11 23:23:25');
/*!40000 ALTER TABLE `news_events` ENABLE KEYS */;
UNLOCK TABLES;

--
-- Table structure for table `password_reset_tokens`
--

DROP TABLE IF EXISTS `password_reset_tokens`;
/*!40101 SET @saved_cs_client     = @@character_set_client */;
/*!40101 SET character_set_client = utf8 */;
CREATE TABLE `password_reset_tokens` (
  `email` varchar(255) NOT NULL,
  `token` varchar(255) NOT NULL,
  `created_at` timestamp NULL DEFAULT NULL,
  PRIMARY KEY (`email`)
) ENGINE=InnoDB DEFAULT CHARSET=utf8mb4 COLLATE=utf8mb4_unicode_ci;
/*!40101 SET character_set_client = @saved_cs_client */;

--
-- Dumping data for table `password_reset_tokens`
--

LOCK TABLES `password_reset_tokens` WRITE;
/*!40000 ALTER TABLE `password_reset_tokens` DISABLE KEYS */;
/*!40000 ALTER TABLE `password_reset_tokens` ENABLE KEYS */;
UNLOCK TABLES;

--
-- Table structure for table `products`
--

DROP TABLE IF EXISTS `products`;
/*!40101 SET @saved_cs_client     = @@character_set_client */;
/*!40101 SET character_set_client = utf8 */;
CREATE TABLE `products` (
  `id` bigint(20) unsigned NOT NULL AUTO_INCREMENT,
  `company_id` bigint(20) unsigned NOT NULL,
  `name` varchar(255) NOT NULL,
  `slug` varchar(255) NOT NULL,
  `summary` text DEFAULT NULL,
  `fish_type` varchar(255) DEFAULT NULL,
  `description` text DEFAULT NULL,
  `price` decimal(10,2) DEFAULT NULL,
  `price_unit` varchar(255) DEFAULT NULL,
  `minimum_order` varchar(255) DEFAULT NULL,
  `availability_status` varchar(255) NOT NULL DEFAULT 'available',
  `image` varchar(255) DEFAULT NULL,
  `is_active` tinyint(1) NOT NULL DEFAULT 1,
  `created_at` timestamp NULL DEFAULT NULL,
  `updated_at` timestamp NULL DEFAULT NULL,
  PRIMARY KEY (`id`),
  UNIQUE KEY `products_slug_unique` (`slug`),
  KEY `products_company_id_foreign` (`company_id`),
  CONSTRAINT `products_company_id_foreign` FOREIGN KEY (`company_id`) REFERENCES `companies` (`id`) ON DELETE CASCADE
) ENGINE=InnoDB AUTO_INCREMENT=268 DEFAULT CHARSET=utf8mb4 COLLATE=utf8mb4_unicode_ci;
/*!40101 SET character_set_client = @saved_cs_client */;

--
-- Dumping data for table `products`
--

LOCK TABLES `products` WRITE;
/*!40000 ALTER TABLE `products` DISABLE KEYS */;
INSERT INTO `products` VALUES (1,1,'Premium Tuna Portions','premium-tuna-portions','Portioned tuna cuts prepared for export buyers and private label partners.',NULL,NULL,NULL,NULL,NULL,'available','/assets/listing-sample.jpg',1,'2026-05-11 23:23:25','2026-05-11 23:23:25'),(2,1,'Frozen Reef Fish Packs','frozen-reef-fish-packs','Mixed frozen reef fish packs for regional wholesale channels.',NULL,NULL,NULL,NULL,NULL,'available','/assets/listing-sample.jpg',1,'2026-05-11 23:23:25','2026-05-11 23:23:25'),(3,4,'Blanditiis Aut Similique','blanditiis-aut-similique','Voluptatum cumque et maxime iure accusantium non similique.',NULL,NULL,NULL,NULL,NULL,'available','/assets/listing-sample.jpg',1,'2026-05-13 00:25:23','2026-05-13 00:25:23'),(4,4,'Blanditiis Error Culpa','blanditiis-error-culpa','Optio quis nihil qui dolor consequuntur.',NULL,NULL,NULL,NULL,NULL,'available','/assets/listing-sample.jpg',1,'2026-05-13 00:25:23','2026-05-13 00:25:23'),(5,4,'Repellendus Quam Cumque','repellendus-quam-cumque','Voluptatem velit voluptas nihil sint.',NULL,NULL,NULL,NULL,NULL,'available','/assets/listing-sample.jpg',1,'2026-05-13 00:25:23','2026-05-13 00:25:23'),(6,4,'Est Possimus Exercitationem','est-possimus-exercitationem','Accusantium velit dolores ut sequi.',NULL,NULL,NULL,NULL,NULL,'available','/assets/listing-sample.jpg',1,'2026-05-13 00:25:23','2026-05-13 00:25:23'),(7,5,'Inventore Deleniti Eligendi','inventore-deleniti-eligendi','Eum molestias cumque dicta voluptates facere a.',NULL,NULL,NULL,NULL,NULL,'available','/assets/listing-sample.jpg',1,'2026-05-13 00:25:23','2026-05-13 00:25:23'),(8,5,'Aut Aut Laborum','aut-aut-laborum','Provident sunt et beatae et vel.',NULL,NULL,NULL,NULL,NULL,'available','/assets/listing-sample.jpg',1,'2026-05-13 00:25:23','2026-05-13 00:25:23'),(9,5,'Dolores Dolores Quis','dolores-dolores-quis','Et laudantium voluptatum aut veniam.',NULL,NULL,NULL,NULL,NULL,'available','/assets/listing-sample.jpg',1,'2026-05-13 00:25:23','2026-05-13 00:25:23'),(10,6,'Error Quos Est','error-quos-est','Adipisci qui ut vel nam et cupiditate.',NULL,NULL,NULL,NULL,NULL,'available','/assets/listing-sample.jpg',1,'2026-05-13 00:25:23','2026-05-13 00:25:23'),(11,6,'Temporibus Totam Eos','temporibus-totam-eos','Repudiandae qui voluptas eligendi.',NULL,NULL,NULL,NULL,NULL,'available','/assets/listing-sample.jpg',1,'2026-05-13 00:25:23','2026-05-13 00:25:23'),(12,6,'Dolores Qui Quo','dolores-qui-quo','Dolorum fuga voluptate modi nesciunt ea dignissimos.',NULL,NULL,NULL,NULL,NULL,'available','/assets/listing-sample.jpg',1,'2026-05-13 00:25:23','2026-05-13 00:25:23'),(13,6,'Ipsam Ad Maxime','ipsam-ad-maxime','Voluptatem incidunt rerum error modi beatae nostrum nisi.',NULL,NULL,NULL,NULL,NULL,'available','/assets/listing-sample.jpg',1,'2026-05-13 00:25:23','2026-05-13 00:25:23'),(14,7,'Voluptatem Maiores Consequatur','voluptatem-maiores-consequatur','Aut consequatur assumenda sapiente.',NULL,NULL,NULL,NULL,NULL,'available','/assets/listing-sample.jpg',1,'2026-05-13 00:25:23','2026-05-13 00:25:23'),(15,8,'Sapiente Illo Molestias','sapiente-illo-molestias','Tenetur mollitia est consequatur sed voluptas sed quos.',NULL,NULL,NULL,NULL,NULL,'available','/assets/listing-sample.jpg',1,'2026-05-13 00:25:23','2026-05-13 00:25:23'),(16,8,'Praesentium Perspiciatis Excepturi','praesentium-perspiciatis-excepturi','Qui ab odit reprehenderit asperiores distinctio.',NULL,NULL,NULL,NULL,NULL,'available','/assets/listing-sample.jpg',1,'2026-05-13 00:25:23','2026-05-13 00:25:23'),(17,9,'Qui Ipsa Commodi','qui-ipsa-commodi','Non reiciendis velit dicta commodi totam.',NULL,NULL,NULL,NULL,NULL,'available','/assets/listing-sample.jpg',1,'2026-05-13 00:25:23','2026-05-13 00:25:23'),(18,9,'Amet Quaerat Quisquam','amet-quaerat-quisquam','Quia excepturi nobis in sit dolor.',NULL,NULL,NULL,NULL,NULL,'available','/assets/listing-sample.jpg',1,'2026-05-13 00:25:23','2026-05-13 00:25:23'),(19,10,'Et Enim Quidem','et-enim-quidem','Repudiandae est provident aliquid.',NULL,NULL,NULL,NULL,NULL,'available','/assets/listing-sample.jpg',1,'2026-05-13 00:25:23','2026-05-13 00:25:23'),(20,10,'Expedita Nostrum Qui','expedita-nostrum-qui','Consequatur aut animi placeat iste aut praesentium nesciunt molestiae.',NULL,NULL,NULL,NULL,NULL,'available','/assets/listing-sample.jpg',1,'2026-05-13 00:25:23','2026-05-13 00:25:23'),(21,10,'Et Dignissimos Voluptatem','et-dignissimos-voluptatem','Quaerat quas possimus neque ut.',NULL,NULL,NULL,NULL,NULL,'available','/assets/listing-sample.jpg',1,'2026-05-13 00:25:23','2026-05-13 00:25:23'),(22,11,'Maiores Facere Tenetur','maiores-facere-tenetur','Labore non eligendi nihil.',NULL,NULL,NULL,NULL,NULL,'available','/assets/listing-sample.jpg',1,'2026-05-13 00:25:23','2026-05-13 00:25:23'),(23,11,'Veritatis Tenetur Id','veritatis-tenetur-id','Neque possimus perspiciatis commodi.',NULL,NULL,NULL,NULL,NULL,'available','/assets/listing-sample.jpg',1,'2026-05-13 00:25:23','2026-05-13 00:25:23'),(24,11,'Recusandae Numquam Dolorem','recusandae-numquam-dolorem','Fuga sunt itaque ratione deserunt voluptas ullam quidem.',NULL,NULL,NULL,NULL,NULL,'available','/assets/listing-sample.jpg',1,'2026-05-13 00:25:23','2026-05-13 00:25:23'),(25,12,'Id Perferendis Ipsum','id-perferendis-ipsum','Libero inventore quasi hic qui accusantium possimus illo.',NULL,NULL,NULL,NULL,NULL,'available','/assets/listing-sample.jpg',1,'2026-05-13 00:25:23','2026-05-13 00:25:23'),(26,12,'Dolorem Qui Molestias','dolorem-qui-molestias','Non alias repellat iste harum sequi perspiciatis.',NULL,NULL,NULL,NULL,NULL,'available','/assets/listing-sample.jpg',1,'2026-05-13 00:25:23','2026-05-13 00:25:23'),(27,13,'Quia Fugiat Laboriosam','quia-fugiat-laboriosam','Corrupti in in asperiores aut id at exercitationem.',NULL,NULL,NULL,NULL,NULL,'available','/assets/listing-sample.jpg',1,'2026-05-13 00:25:23','2026-05-13 00:25:23'),(28,13,'Iusto Aut Quae','iusto-aut-quae','Id at impedit rem eveniet quam maxime.',NULL,NULL,NULL,NULL,NULL,'available','/assets/listing-sample.jpg',1,'2026-05-13 00:25:23','2026-05-13 00:25:23'),(29,13,'Magni Fugiat Rerum','magni-fugiat-rerum','Veniam autem nihil eligendi ipsa vel.',NULL,NULL,NULL,NULL,NULL,'available','/assets/listing-sample.jpg',1,'2026-05-13 00:25:23','2026-05-13 00:25:23'),(30,14,'Laboriosam Sed Fugiat','laboriosam-sed-fugiat','Quia ratione quis omnis totam.',NULL,NULL,NULL,NULL,NULL,'available','/assets/listing-sample.jpg',1,'2026-05-13 00:25:23','2026-05-13 00:25:23'),(31,14,'Quos Dolores Et','quos-dolores-et','Unde velit sapiente et laborum ab amet repudiandae et.',NULL,NULL,NULL,NULL,NULL,'available','/assets/listing-sample.jpg',1,'2026-05-13 00:25:23','2026-05-13 00:25:23'),(32,14,'Dignissimos Consectetur Iure','dignissimos-consectetur-iure','Quae eaque qui assumenda libero sit aut.',NULL,NULL,NULL,NULL,NULL,'available','/assets/listing-sample.jpg',1,'2026-05-13 00:25:23','2026-05-13 00:25:23'),(33,14,'Et Et Dolorem','et-et-dolorem','Tempora labore optio quis enim quia dolores.',NULL,NULL,NULL,NULL,NULL,'available','/assets/listing-sample.jpg',1,'2026-05-13 00:25:23','2026-05-13 00:25:23'),(34,15,'Ea Ad Dolore','ea-ad-dolore','Praesentium rerum nobis maiores.',NULL,NULL,NULL,NULL,NULL,'available','/assets/listing-sample.jpg',1,'2026-05-13 00:25:23','2026-05-13 00:25:23'),(35,15,'Temporibus Voluptas Ut','temporibus-voluptas-ut','Deserunt at voluptatem tenetur.',NULL,NULL,NULL,NULL,NULL,'available','/assets/listing-sample.jpg',1,'2026-05-13 00:25:23','2026-05-13 00:25:23'),(36,16,'Id Laboriosam Voluptatum','id-laboriosam-voluptatum','Nemo nesciunt eius similique necessitatibus.',NULL,NULL,NULL,NULL,NULL,'available','/assets/listing-sample.jpg',1,'2026-05-13 00:25:23','2026-05-13 00:25:23'),(37,16,'Est Et Delectus','est-et-delectus','Dolores blanditiis ab omnis molestiae excepturi aspernatur et.',NULL,NULL,NULL,NULL,NULL,'available','/assets/listing-sample.jpg',1,'2026-05-13 00:25:23','2026-05-13 00:25:23'),(38,17,'Minima Iusto Sed','minima-iusto-sed','Modi recusandae laboriosam rem nobis.',NULL,NULL,NULL,NULL,NULL,'available','/assets/listing-sample.jpg',1,'2026-05-13 00:25:23','2026-05-13 00:25:23'),(39,17,'Officiis Delectus Aliquid','officiis-delectus-aliquid','Sunt est atque veniam nihil iste aut asperiores.',NULL,NULL,NULL,NULL,NULL,'available','/assets/listing-sample.jpg',1,'2026-05-13 00:25:23','2026-05-13 00:25:23'),(40,18,'Et Minus Cupiditate','et-minus-cupiditate','Dolorum aut numquam distinctio ut quia commodi.',NULL,NULL,NULL,NULL,NULL,'available','/assets/listing-sample.jpg',1,'2026-05-13 00:25:23','2026-05-13 00:25:23'),(41,19,'Autem In Fuga','autem-in-fuga','Iusto dolor ducimus aut harum veritatis ipsum non cupiditate.',NULL,NULL,NULL,NULL,NULL,'available','/assets/listing-sample.jpg',1,'2026-05-13 00:25:23','2026-05-13 00:25:23'),(42,19,'Illum Similique Soluta','illum-similique-soluta','Corrupti mollitia facere quia expedita occaecati quia quaerat.',NULL,NULL,NULL,NULL,NULL,'available','/assets/listing-sample.jpg',1,'2026-05-13 00:25:23','2026-05-13 00:25:23'),(43,19,'Dolor Natus Neque','dolor-natus-neque','Totam nemo nesciunt nam velit.',NULL,NULL,NULL,NULL,NULL,'available','/assets/listing-sample.jpg',1,'2026-05-13 00:25:23','2026-05-13 00:25:23'),(44,20,'Molestiae Quod Quia','molestiae-quod-quia','Molestiae enim aut id et sunt.',NULL,NULL,NULL,NULL,NULL,'available','/assets/listing-sample.jpg',1,'2026-05-13 00:25:23','2026-05-13 00:25:23'),(45,20,'Eligendi Ipsam Molestiae','eligendi-ipsam-molestiae','Molestiae esse sunt molestiae et iusto tempora consectetur quaerat.',NULL,NULL,NULL,NULL,NULL,'available','/assets/listing-sample.jpg',1,'2026-05-13 00:25:23','2026-05-13 00:25:23'),(46,20,'Sit Fugit Non','sit-fugit-non','Est est eos quod ea corrupti.',NULL,NULL,NULL,NULL,NULL,'available','/assets/listing-sample.jpg',1,'2026-05-13 00:25:23','2026-05-13 00:25:23'),(47,21,'Et Ea At','et-ea-at','Voluptatem sed praesentium harum dolore aut.',NULL,NULL,NULL,NULL,NULL,'available','/assets/listing-sample.jpg',1,'2026-05-13 00:25:23','2026-05-13 00:25:23'),(48,22,'Est Debitis Sunt','est-debitis-sunt','Unde eligendi quia voluptate voluptas quis quae.',NULL,NULL,NULL,NULL,NULL,'available','/assets/listing-sample.jpg',1,'2026-05-13 00:25:23','2026-05-13 00:25:23'),(49,23,'Aliquam Dicta Et','aliquam-dicta-et','Ea facere ut rerum esse.',NULL,NULL,NULL,NULL,NULL,'available','/assets/listing-sample.jpg',1,'2026-05-13 00:25:23','2026-05-13 00:25:23'),(50,23,'Nobis Sint Consectetur','nobis-sint-consectetur','Rem minima repudiandae error dolorum atque molestiae eum.',NULL,NULL,NULL,NULL,NULL,'available','/assets/listing-sample.jpg',1,'2026-05-13 00:25:23','2026-05-13 00:25:23'),(51,23,'Exercitationem Qui Asperiores','exercitationem-qui-asperiores','Sunt nesciunt et id facere vero quam sed.',NULL,NULL,NULL,NULL,NULL,'available','/assets/listing-sample.jpg',1,'2026-05-13 00:25:23','2026-05-13 00:25:23'),(52,23,'Rerum Eos Id','rerum-eos-id','Est rem libero totam qui.',NULL,NULL,NULL,NULL,NULL,'available','/assets/listing-sample.jpg',1,'2026-05-13 00:25:23','2026-05-13 00:25:23'),(53,24,'Rerum Consequatur Earum','rerum-consequatur-earum','Dicta voluptate necessitatibus dolor earum.',NULL,NULL,NULL,NULL,NULL,'available','/assets/listing-sample.jpg',1,'2026-05-13 00:25:23','2026-05-13 00:25:23'),(54,24,'Qui Necessitatibus Voluptas','qui-necessitatibus-voluptas','Dolor optio qui qui alias qui voluptatibus autem rerum.',NULL,NULL,NULL,NULL,NULL,'available','/assets/listing-sample.jpg',1,'2026-05-13 00:25:23','2026-05-13 00:25:23'),(55,24,'Veritatis Suscipit Voluptatem','veritatis-suscipit-voluptatem','Rerum consectetur dolorem ut quo accusantium molestiae ea et.',NULL,NULL,NULL,NULL,NULL,'available','/assets/listing-sample.jpg',1,'2026-05-13 00:25:23','2026-05-13 00:25:23'),(56,25,'Non Ipsam Quisquam','non-ipsam-quisquam','Voluptas occaecati ea at ullam.',NULL,NULL,NULL,NULL,NULL,'available','/assets/listing-sample.jpg',1,'2026-05-13 00:25:23','2026-05-13 00:25:23'),(57,25,'Molestiae Occaecati Deserunt','molestiae-occaecati-deserunt','Excepturi praesentium quo voluptate delectus molestias.',NULL,NULL,NULL,NULL,NULL,'available','/assets/listing-sample.jpg',1,'2026-05-13 00:25:23','2026-05-13 00:25:23'),(58,26,'Consectetur Quidem Voluptatem','consectetur-quidem-voluptatem','Accusantium voluptate corporis voluptatem ut eum aut nihil.',NULL,NULL,NULL,NULL,NULL,'available','/assets/listing-sample.jpg',1,'2026-05-13 00:25:23','2026-05-13 00:25:23'),(59,26,'Quis Iste Ut','quis-iste-ut','Ex saepe itaque dolore illo nostrum nam deleniti ipsam.',NULL,NULL,NULL,NULL,NULL,'available','/assets/listing-sample.jpg',1,'2026-05-13 00:25:23','2026-05-13 00:25:23'),(60,27,'Magni At Sit','magni-at-sit','Non laborum consequatur sit dignissimos est.',NULL,NULL,NULL,NULL,NULL,'available','/assets/listing-sample.jpg',1,'2026-05-13 00:25:23','2026-05-13 00:25:23'),(61,27,'Possimus Numquam Praesentium','possimus-numquam-praesentium','Tempora omnis ad voluptas dicta aut sequi assumenda.',NULL,NULL,NULL,NULL,NULL,'available','/assets/listing-sample.jpg',1,'2026-05-13 00:25:23','2026-05-13 00:25:23'),(62,28,'Quo Enim In','quo-enim-in','Assumenda quod et excepturi tempora rerum omnis.',NULL,NULL,NULL,NULL,NULL,'available','/assets/listing-sample.jpg',1,'2026-05-13 00:25:23','2026-05-13 00:25:23'),(63,29,'Ut Porro Ducimus','ut-porro-ducimus','Tempora sed nostrum aut ex.',NULL,NULL,NULL,NULL,NULL,'available','/assets/listing-sample.jpg',1,'2026-05-13 00:25:23','2026-05-13 00:25:23'),(64,29,'Quis Voluptatem Voluptatibus','quis-voluptatem-voluptatibus','Est pariatur delectus nulla eum impedit nisi unde quia.',NULL,NULL,NULL,NULL,NULL,'available','/assets/listing-sample.jpg',1,'2026-05-13 00:25:23','2026-05-13 00:25:23'),(65,29,'Sunt Enim Ut','sunt-enim-ut','Magnam rerum voluptatem consequuntur eligendi culpa autem voluptatum alias.',NULL,NULL,NULL,NULL,NULL,'available','/assets/listing-sample.jpg',1,'2026-05-13 00:25:23','2026-05-13 00:25:23'),(66,29,'Nesciunt Voluptatibus Unde','nesciunt-voluptatibus-unde','Harum eveniet dolorem esse corrupti consequatur.',NULL,NULL,NULL,NULL,NULL,'available','/assets/listing-sample.jpg',1,'2026-05-13 00:25:23','2026-05-13 00:25:23'),(67,30,'Quo Cumque Repellendus','quo-cumque-repellendus','Neque perspiciatis excepturi dolor qui doloremque ut.',NULL,NULL,NULL,NULL,NULL,'available','/assets/listing-sample.jpg',1,'2026-05-13 00:25:23','2026-05-13 00:25:23'),(68,30,'Aut Cumque Laborum','aut-cumque-laborum','Quod mollitia qui aperiam est molestias saepe.',NULL,NULL,NULL,NULL,NULL,'available','/assets/listing-sample.jpg',1,'2026-05-13 00:25:23','2026-05-13 00:25:23'),(69,31,'Dolorem Nulla Distinctio','dolorem-nulla-distinctio','Sed doloremque quis consequatur rerum ducimus velit.',NULL,NULL,NULL,NULL,NULL,'available','/assets/listing-sample.jpg',1,'2026-05-13 00:25:23','2026-05-13 00:25:23'),(70,31,'Velit Odit Eveniet','velit-odit-eveniet','Placeat consequuntur et odio suscipit ut.',NULL,NULL,NULL,NULL,NULL,'available','/assets/listing-sample.jpg',1,'2026-05-13 00:25:23','2026-05-13 00:25:23'),(71,31,'Dolorem Doloribus Eos','dolorem-doloribus-eos','Reprehenderit itaque in consequuntur sit aut voluptates quaerat.',NULL,NULL,NULL,NULL,NULL,'available','/assets/listing-sample.jpg',1,'2026-05-13 00:25:23','2026-05-13 00:25:23'),(72,31,'Impedit Exercitationem Aut','impedit-exercitationem-aut','Et nam eaque non adipisci optio provident.',NULL,NULL,NULL,NULL,NULL,'available','/assets/listing-sample.jpg',1,'2026-05-13 00:25:23','2026-05-13 00:25:23'),(73,32,'Veniam Aut Voluptatem','veniam-aut-voluptatem','Impedit perspiciatis possimus molestias veniam.',NULL,NULL,NULL,NULL,NULL,'available','/assets/listing-sample.jpg',1,'2026-05-13 00:25:23','2026-05-13 00:25:23'),(74,33,'Ipsa Quaerat Molestiae','ipsa-quaerat-molestiae','Sit non labore id architecto laborum.',NULL,NULL,NULL,NULL,NULL,'available','/assets/listing-sample.jpg',1,'2026-05-13 00:25:23','2026-05-13 00:25:23'),(75,33,'Dolore Quos Perferendis','dolore-quos-perferendis','Eius amet consequuntur eius officia neque autem libero maiores.',NULL,NULL,NULL,NULL,NULL,'available','/assets/listing-sample.jpg',1,'2026-05-13 00:25:23','2026-05-13 00:25:23'),(76,33,'Sequi Vel Assumenda','sequi-vel-assumenda','Commodi consequatur possimus eos eos.',NULL,NULL,NULL,NULL,NULL,'available','/assets/listing-sample.jpg',1,'2026-05-13 00:25:23','2026-05-13 00:25:23'),(77,33,'Aspernatur Est Ex','aspernatur-est-ex','Quidem mollitia ut sed odit officiis omnis sint doloribus.',NULL,NULL,NULL,NULL,NULL,'available','/assets/listing-sample.jpg',1,'2026-05-13 00:25:23','2026-05-13 00:25:23'),(78,34,'Quis Provident Quam','quis-provident-quam','Id voluptas modi ipsam voluptatum.',NULL,NULL,NULL,NULL,NULL,'available','/assets/listing-sample.jpg',1,'2026-05-13 00:25:23','2026-05-13 00:25:23'),(79,34,'Vitae Sunt Omnis','vitae-sunt-omnis','Quae eos qui eum natus facere ut autem illum.',NULL,NULL,NULL,NULL,NULL,'available','/assets/listing-sample.jpg',1,'2026-05-13 00:25:23','2026-05-13 00:25:23'),(80,35,'Corrupti Maiores Accusamus','corrupti-maiores-accusamus','Quibusdam ut sint omnis quos beatae aut.',NULL,NULL,NULL,NULL,NULL,'available','/assets/listing-sample.jpg',1,'2026-05-13 00:25:23','2026-05-13 00:25:23'),(81,36,'Aspernatur Minima Facere','aspernatur-minima-facere','Distinctio fugit veniam ratione dolor.',NULL,NULL,NULL,NULL,NULL,'available','/assets/listing-sample.jpg',1,'2026-05-13 00:25:23','2026-05-13 00:25:23'),(82,36,'Est Quia Sequi','est-quia-sequi','Consequatur perferendis odit accusantium corporis dolorem.',NULL,NULL,NULL,NULL,NULL,'available','/assets/listing-sample.jpg',1,'2026-05-13 00:25:23','2026-05-13 00:25:23'),(83,36,'Recusandae Nemo Eius','recusandae-nemo-eius','Tempora incidunt dolorum deserunt voluptas perspiciatis non sit aliquid.',NULL,NULL,NULL,NULL,NULL,'available','/assets/listing-sample.jpg',1,'2026-05-13 00:25:23','2026-05-13 00:25:23'),(84,37,'Aliquid Magnam Inventore','aliquid-magnam-inventore','Ipsum dolores veniam dolore qui aut omnis.',NULL,NULL,NULL,NULL,NULL,'available','/assets/listing-sample.jpg',1,'2026-05-13 00:25:23','2026-05-13 00:25:23'),(85,37,'Tenetur Blanditiis Sint','tenetur-blanditiis-sint','Dolores minima voluptate consequatur earum iste amet asperiores voluptatum.',NULL,NULL,NULL,NULL,NULL,'available','/assets/listing-sample.jpg',1,'2026-05-13 00:25:23','2026-05-13 00:25:23'),(86,37,'Qui Rem Dolor','qui-rem-dolor','Numquam enim magni delectus ut.',NULL,NULL,NULL,NULL,NULL,'available','/assets/listing-sample.jpg',1,'2026-05-13 00:25:23','2026-05-13 00:25:23'),(87,38,'Fugit Labore Dolores','fugit-labore-dolores','Voluptas dicta aut sequi quisquam voluptatem nihil deleniti reprehenderit.',NULL,NULL,NULL,NULL,NULL,'available','/assets/listing-sample.jpg',1,'2026-05-13 00:25:23','2026-05-13 00:25:23'),(88,38,'Hic In Et','hic-in-et','Omnis minus eos ducimus.',NULL,NULL,NULL,NULL,NULL,'available','/assets/listing-sample.jpg',1,'2026-05-13 00:25:23','2026-05-13 00:25:23'),(89,38,'Omnis Commodi Eos','omnis-commodi-eos','Officia quam eos ut ut voluptatem error temporibus.',NULL,NULL,NULL,NULL,NULL,'available','/assets/listing-sample.jpg',1,'2026-05-13 00:25:23','2026-05-13 00:25:23'),(90,38,'Beatae Nemo Illo','beatae-nemo-illo','Consectetur veniam recusandae est ducimus.',NULL,NULL,NULL,NULL,NULL,'available','/assets/listing-sample.jpg',1,'2026-05-13 00:25:23','2026-05-13 00:25:23'),(91,39,'Hic Sit Aut','hic-sit-aut','Iusto eius earum deserunt voluptatem ex vero voluptate.',NULL,NULL,NULL,NULL,NULL,'available','/assets/listing-sample.jpg',1,'2026-05-13 00:25:23','2026-05-13 00:25:23'),(92,39,'Quod Consectetur Odit','quod-consectetur-odit','Cum libero nobis qui quisquam minus.',NULL,NULL,NULL,NULL,NULL,'available','/assets/listing-sample.jpg',1,'2026-05-13 00:25:23','2026-05-13 00:25:23'),(93,40,'Aut Sit Quae','aut-sit-quae','Eaque distinctio inventore dolores ex.',NULL,NULL,NULL,NULL,NULL,'available','/assets/listing-sample.jpg',1,'2026-05-13 00:25:23','2026-05-13 00:25:23'),(94,40,'Blanditiis Accusamus Quas','blanditiis-accusamus-quas','Et fugit autem eos dolor.',NULL,NULL,NULL,NULL,NULL,'available','/assets/listing-sample.jpg',1,'2026-05-13 00:25:23','2026-05-13 00:25:23'),(95,40,'Maiores Voluptas Porro','maiores-voluptas-porro','Corporis quo possimus a quaerat.',NULL,NULL,NULL,NULL,NULL,'available','/assets/listing-sample.jpg',1,'2026-05-13 00:25:23','2026-05-13 00:25:23'),(96,40,'Molestias Numquam Voluptatem','molestias-numquam-voluptatem','Quos sed vitae atque et quia asperiores.',NULL,NULL,NULL,NULL,NULL,'available','/assets/listing-sample.jpg',1,'2026-05-13 00:25:23','2026-05-13 00:25:23'),(97,41,'Similique Tempore Nesciunt','similique-tempore-nesciunt','Debitis suscipit id deleniti adipisci.',NULL,NULL,NULL,NULL,NULL,'available','/assets/listing-sample.jpg',1,'2026-05-13 00:25:23','2026-05-13 00:25:23'),(98,41,'Earum Doloremque Magni','earum-doloremque-magni','Aut dolorem explicabo quae culpa tempore.',NULL,NULL,NULL,NULL,NULL,'available','/assets/listing-sample.jpg',1,'2026-05-13 00:25:23','2026-05-13 00:25:23'),(99,42,'Dolores Cupiditate Recusandae','dolores-cupiditate-recusandae','Id et vel nam est necessitatibus similique sit.',NULL,NULL,NULL,NULL,NULL,'available','/assets/listing-sample.jpg',1,'2026-05-13 00:25:23','2026-05-13 00:25:23'),(100,43,'Inventore Sit Tenetur','inventore-sit-tenetur','Voluptatem neque ea officiis praesentium soluta ullam.',NULL,NULL,NULL,NULL,NULL,'available','/assets/listing-sample.jpg',1,'2026-05-13 00:25:23','2026-05-13 00:25:23'),(101,43,'Labore Molestias Repellendus','labore-molestias-repellendus','Consequatur ab accusantium et omnis.',NULL,NULL,NULL,NULL,NULL,'available','/assets/listing-sample.jpg',1,'2026-05-13 00:25:23','2026-05-13 00:25:23'),(102,43,'Magnam Molestias Nesciunt','magnam-molestias-nesciunt','Eaque ut et est velit laboriosam alias vel.',NULL,NULL,NULL,NULL,NULL,'available','/assets/listing-sample.jpg',1,'2026-05-13 00:25:23','2026-05-13 00:25:23'),(103,43,'Eos Et Distinctio','eos-et-distinctio','Tempora quibusdam repellendus laudantium.',NULL,NULL,NULL,NULL,NULL,'available','/assets/listing-sample.jpg',1,'2026-05-13 00:25:23','2026-05-13 00:25:23'),(104,44,'Omnis Similique Neque','omnis-similique-neque','Accusantium at id inventore quia.',NULL,NULL,NULL,NULL,NULL,'available','/assets/listing-sample.jpg',1,'2026-05-13 00:25:23','2026-05-13 00:25:23'),(105,44,'Dolorum Et Quisquam','dolorum-et-quisquam','Sunt harum qui accusamus ratione dolore modi provident.',NULL,NULL,NULL,NULL,NULL,'available','/assets/listing-sample.jpg',1,'2026-05-13 00:25:23','2026-05-13 00:25:23'),(106,44,'Sit Id Ea','sit-id-ea','Qui accusantium et veniam reiciendis rerum sit delectus tempore.',NULL,NULL,NULL,NULL,NULL,'available','/assets/listing-sample.jpg',1,'2026-05-13 00:25:23','2026-05-13 00:25:23'),(107,44,'Omnis Odit Vero','omnis-odit-vero','Porro aliquam consequuntur unde et et sequi.',NULL,NULL,NULL,NULL,NULL,'available','/assets/listing-sample.jpg',1,'2026-05-13 00:25:23','2026-05-13 00:25:23'),(108,45,'Ipsa Aut Accusantium','ipsa-aut-accusantium','Atque temporibus qui veniam.',NULL,NULL,NULL,NULL,NULL,'available','/assets/listing-sample.jpg',1,'2026-05-13 00:25:23','2026-05-13 00:25:23'),(109,45,'Minus Aut Beatae','minus-aut-beatae','Ut et labore animi laborum totam adipisci.',NULL,NULL,NULL,NULL,NULL,'available','/assets/listing-sample.jpg',1,'2026-05-13 00:25:23','2026-05-13 00:25:23'),(110,45,'Fugiat Eum Recusandae','fugiat-eum-recusandae','Aliquid nemo quo quia ex nam.',NULL,NULL,NULL,NULL,NULL,'available','/assets/listing-sample.jpg',1,'2026-05-13 00:25:23','2026-05-13 00:25:23'),(111,46,'Ullam Qui Quas','ullam-qui-quas','Illo est sed qui non ducimus.',NULL,NULL,NULL,NULL,NULL,'available','/assets/listing-sample.jpg',1,'2026-05-13 00:25:23','2026-05-13 00:25:23'),(112,46,'Praesentium Id Ab','praesentium-id-ab','Voluptas aut laboriosam veritatis possimus laborum earum rerum.',NULL,NULL,NULL,NULL,NULL,'available','/assets/listing-sample.jpg',1,'2026-05-13 00:25:23','2026-05-13 00:25:23'),(113,47,'Ad Quia Eum','ad-quia-eum','Eos iusto molestiae vitae quidem.',NULL,NULL,NULL,NULL,NULL,'available','/assets/listing-sample.jpg',1,'2026-05-13 00:25:23','2026-05-13 00:25:23'),(114,47,'Ea Velit In','ea-velit-in','Blanditiis ea et eveniet unde iure enim cupiditate.',NULL,NULL,NULL,NULL,NULL,'available','/assets/listing-sample.jpg',1,'2026-05-13 00:25:23','2026-05-13 00:25:23'),(115,47,'Iure Quam Et','iure-quam-et','Molestias et et et ea.',NULL,NULL,NULL,NULL,NULL,'available','/assets/listing-sample.jpg',1,'2026-05-13 00:25:23','2026-05-13 00:25:23'),(116,47,'Eligendi Consequatur Consectetur','eligendi-consequatur-consectetur','Alias illo consectetur temporibus.',NULL,NULL,NULL,NULL,NULL,'available','/assets/listing-sample.jpg',1,'2026-05-13 00:25:23','2026-05-13 00:25:23'),(117,48,'Est Sunt Ut','est-sunt-ut','Temporibus voluptates repellat dignissimos modi magni doloribus.',NULL,NULL,NULL,NULL,NULL,'available','/assets/listing-sample.jpg',1,'2026-05-13 00:25:23','2026-05-13 00:25:23'),(118,48,'Quas Dolorem Nulla','quas-dolorem-nulla','Qui deleniti molestiae ut tenetur qui doloribus.',NULL,NULL,NULL,NULL,NULL,'available','/assets/listing-sample.jpg',1,'2026-05-13 00:25:23','2026-05-13 00:25:23'),(119,48,'Beatae Quo Quia','beatae-quo-quia','Vitae sed nam aut ut cupiditate eum.',NULL,NULL,NULL,NULL,NULL,'available','/assets/listing-sample.jpg',1,'2026-05-13 00:25:23','2026-05-13 00:25:23'),(120,49,'Corporis Excepturi Temporibus','corporis-excepturi-temporibus','Aut earum illo occaecati in neque nihil aut.',NULL,NULL,NULL,NULL,NULL,'available','/assets/listing-sample.jpg',1,'2026-05-13 00:25:23','2026-05-13 00:25:23'),(121,49,'Vero Non Et','vero-non-et','Saepe et vel voluptas.',NULL,NULL,NULL,NULL,NULL,'available','/assets/listing-sample.jpg',1,'2026-05-13 00:25:23','2026-05-13 00:25:23'),(122,50,'Ut Veritatis Odio','ut-veritatis-odio','Deleniti ut quisquam beatae ut nulla ut et accusamus.',NULL,NULL,NULL,NULL,NULL,'available','/assets/listing-sample.jpg',1,'2026-05-13 00:25:23','2026-05-13 00:25:23'),(123,50,'Aut Similique Et','aut-similique-et','Ipsum voluptas totam accusantium molestias aut sint ea.',NULL,NULL,NULL,NULL,NULL,'available','/assets/listing-sample.jpg',1,'2026-05-13 00:25:23','2026-05-13 00:25:23'),(124,50,'Eum Distinctio Illo','eum-distinctio-illo','Perspiciatis itaque et odio sed.',NULL,NULL,NULL,NULL,NULL,'available','/assets/listing-sample.jpg',1,'2026-05-13 00:25:23','2026-05-13 00:25:23'),(125,51,'Voluptatem Fugit Autem','voluptatem-fugit-autem','Ut id earum ea dolores architecto tempora est.',NULL,NULL,NULL,NULL,NULL,'available','/assets/listing-sample.jpg',1,'2026-05-13 00:25:23','2026-05-13 00:25:23'),(126,51,'Accusamus Et Non','accusamus-et-non','Cupiditate provident laborum impedit cum placeat.',NULL,NULL,NULL,NULL,NULL,'available','/assets/listing-sample.jpg',1,'2026-05-13 00:25:23','2026-05-13 00:25:23'),(127,52,'Tempora Maiores Molestiae','tempora-maiores-molestiae','Tenetur sed inventore et quaerat dolore dolorem enim.',NULL,NULL,NULL,NULL,NULL,'available','/assets/listing-sample.jpg',1,'2026-05-13 00:25:23','2026-05-13 00:25:23'),(128,52,'Velit Aliquam Ut','velit-aliquam-ut','Placeat recusandae non iusto eaque odio.',NULL,NULL,NULL,NULL,NULL,'available','/assets/listing-sample.jpg',1,'2026-05-13 00:25:23','2026-05-13 00:25:23'),(129,52,'Non Ut Sed','non-ut-sed','Qui eos aut ut ex vel occaecati et.',NULL,NULL,NULL,NULL,NULL,'available','/assets/listing-sample.jpg',1,'2026-05-13 00:25:23','2026-05-13 00:25:23'),(130,52,'Cupiditate Alias Possimus','cupiditate-alias-possimus','Hic sed rerum quam aut voluptatem aut nihil non.',NULL,NULL,NULL,NULL,NULL,'available','/assets/listing-sample.jpg',1,'2026-05-13 00:25:23','2026-05-13 00:25:23'),(131,53,'Debitis In Cum','debitis-in-cum','Laboriosam non libero inventore natus adipisci qui illum delectus.',NULL,NULL,NULL,NULL,NULL,'available','/assets/listing-sample.jpg',1,'2026-05-13 00:25:23','2026-05-13 00:25:23'),(132,53,'Voluptatibus Nulla Amet','voluptatibus-nulla-amet','Repudiandae laborum velit mollitia maxime voluptas recusandae id.',NULL,NULL,NULL,NULL,NULL,'available','/assets/listing-sample.jpg',1,'2026-05-13 00:25:23','2026-05-13 00:25:23'),(133,53,'Quis Sed Dignissimos','quis-sed-dignissimos','Minus ipsa doloribus et beatae odio voluptatem quae.',NULL,NULL,NULL,NULL,NULL,'available','/assets/listing-sample.jpg',1,'2026-05-13 00:25:23','2026-05-13 00:25:23'),(134,53,'Est Aut Dignissimos','est-aut-dignissimos','Tempora consequuntur neque eaque dolorem porro.',NULL,NULL,NULL,NULL,NULL,'available','/assets/listing-sample.jpg',1,'2026-05-13 00:25:23','2026-05-13 00:25:23'),(135,54,'Autem Nihil Molestiae','autem-nihil-molestiae','Autem commodi aliquid nesciunt dignissimos et culpa.',NULL,NULL,NULL,NULL,NULL,'available','/assets/listing-sample.jpg',1,'2026-05-13 00:25:23','2026-05-13 00:25:23'),(136,54,'Velit Quisquam Quisquam','velit-quisquam-quisquam','Beatae fuga ipsam modi dolor eum.',NULL,NULL,NULL,NULL,NULL,'available','/assets/listing-sample.jpg',1,'2026-05-13 00:25:23','2026-05-13 00:25:23'),(137,54,'Officia Sequi Amet','officia-sequi-amet','Nobis veritatis dolorem rerum odit vel tempora.',NULL,NULL,NULL,NULL,NULL,'available','/assets/listing-sample.jpg',1,'2026-05-13 00:25:23','2026-05-13 00:25:23'),(138,55,'Necessitatibus Ullam Reiciendis','necessitatibus-ullam-reiciendis','Qui eaque laboriosam aperiam quis rerum.',NULL,NULL,NULL,NULL,NULL,'available','/assets/listing-sample.jpg',1,'2026-05-13 00:25:23','2026-05-13 00:25:23'),(139,55,'Nemo Vitae Neque','nemo-vitae-neque','Nihil voluptas vero consequatur adipisci.',NULL,NULL,NULL,NULL,NULL,'available','/assets/listing-sample.jpg',1,'2026-05-13 00:25:23','2026-05-13 00:25:23'),(140,55,'Nobis Natus Qui','nobis-natus-qui','Et architecto optio et minima.',NULL,NULL,NULL,NULL,NULL,'available','/assets/listing-sample.jpg',1,'2026-05-13 00:25:23','2026-05-13 00:25:23'),(141,56,'Omnis Soluta Et','omnis-soluta-et','Velit est dolore voluptas laborum.',NULL,NULL,NULL,NULL,NULL,'available','/assets/listing-sample.jpg',1,'2026-05-13 00:25:23','2026-05-13 00:25:23'),(142,56,'Autem Beatae Et','autem-beatae-et','Labore atque consequatur labore nobis.',NULL,NULL,NULL,NULL,NULL,'available','/assets/listing-sample.jpg',1,'2026-05-13 00:25:23','2026-05-13 00:25:23'),(143,57,'Corporis Molestias Rerum','corporis-molestias-rerum','Quibusdam recusandae nostrum a.',NULL,NULL,NULL,NULL,NULL,'available','/assets/listing-sample.jpg',1,'2026-05-13 00:25:23','2026-05-13 00:25:23'),(144,57,'Est Facilis Suscipit','est-facilis-suscipit','Quae harum sunt eum et consequatur autem et.',NULL,NULL,NULL,NULL,NULL,'available','/assets/listing-sample.jpg',1,'2026-05-13 00:25:23','2026-05-13 00:25:23'),(145,57,'Aut Assumenda In','aut-assumenda-in','Sunt repellendus sit incidunt nostrum mollitia amet eaque.',NULL,NULL,NULL,NULL,NULL,'available','/assets/listing-sample.jpg',1,'2026-05-13 00:25:23','2026-05-13 00:25:23'),(146,58,'Id Sapiente Sint','id-sapiente-sint','Dolor quia necessitatibus ipsam voluptas consectetur.',NULL,NULL,NULL,NULL,NULL,'available','/assets/listing-sample.jpg',1,'2026-05-13 00:25:23','2026-05-13 00:25:23'),(147,59,'Est Eveniet Quas','est-eveniet-quas','Libero quo esse qui incidunt.',NULL,NULL,NULL,NULL,NULL,'available','/assets/listing-sample.jpg',1,'2026-05-13 00:25:23','2026-05-13 00:25:23'),(148,60,'Cupiditate Praesentium Sunt','cupiditate-praesentium-sunt','Sit perspiciatis et sed minima velit ut voluptatem consectetur.',NULL,NULL,NULL,NULL,NULL,'available','/assets/listing-sample.jpg',1,'2026-05-13 00:25:23','2026-05-13 00:25:23'),(149,61,'Officia Accusamus Nam','officia-accusamus-nam','In eius ducimus numquam voluptates voluptas earum fugit.',NULL,NULL,NULL,NULL,NULL,'available','/assets/listing-sample.jpg',1,'2026-05-13 00:25:23','2026-05-13 00:25:23'),(150,61,'Est Est Et','est-est-et','Enim atque quod sint accusamus ex.',NULL,NULL,NULL,NULL,NULL,'available','/assets/listing-sample.jpg',1,'2026-05-13 00:25:23','2026-05-13 00:25:23'),(151,62,'Voluptas Labore Sint','voluptas-labore-sint','Id qui accusantium sit iusto.',NULL,NULL,NULL,NULL,NULL,'available','/assets/listing-sample.jpg',1,'2026-05-13 00:25:23','2026-05-13 00:25:23'),(152,62,'Et Qui Quis','et-qui-quis','Est ut ipsum velit ipsum.',NULL,NULL,NULL,NULL,NULL,'available','/assets/listing-sample.jpg',1,'2026-05-13 00:25:23','2026-05-13 00:25:23'),(153,63,'Id Nobis Vero','id-nobis-vero','Nesciunt aut tempora molestiae aut.',NULL,NULL,NULL,NULL,NULL,'available','/assets/listing-sample.jpg',1,'2026-05-13 00:25:23','2026-05-13 00:25:23'),(154,63,'Ut Exercitationem Officia','ut-exercitationem-officia','Quaerat similique rerum est quia ut eum.',NULL,NULL,NULL,NULL,NULL,'available','/assets/listing-sample.jpg',1,'2026-05-13 00:25:23','2026-05-13 00:25:23'),(155,63,'Temporibus Maiores Porro','temporibus-maiores-porro','Eos asperiores aperiam nemo et ut enim ipsam.',NULL,NULL,NULL,NULL,NULL,'available','/assets/listing-sample.jpg',1,'2026-05-13 00:25:23','2026-05-13 00:25:23'),(156,64,'Odit Debitis Aliquid','odit-debitis-aliquid','Officia illo distinctio debitis necessitatibus nemo est velit.',NULL,NULL,NULL,NULL,NULL,'available','/assets/listing-sample.jpg',1,'2026-05-13 00:25:23','2026-05-13 00:25:23'),(157,64,'Sunt Sed Amet','sunt-sed-amet','Tenetur inventore ut totam earum fugiat.',NULL,NULL,NULL,NULL,NULL,'available','/assets/listing-sample.jpg',1,'2026-05-13 00:25:23','2026-05-13 00:25:23'),(158,64,'Ullam Nostrum Natus','ullam-nostrum-natus','A et blanditiis voluptatibus debitis repellat.',NULL,NULL,NULL,NULL,NULL,'available','/assets/listing-sample.jpg',1,'2026-05-13 00:25:23','2026-05-13 00:25:23'),(159,64,'A Ex Omnis','a-ex-omnis','Est labore unde tempore quasi natus et nemo.',NULL,NULL,NULL,NULL,NULL,'available','/assets/listing-sample.jpg',1,'2026-05-13 00:25:23','2026-05-13 00:25:23'),(160,65,'Eos Id Libero','eos-id-libero','Voluptatem cum provident doloribus aut.',NULL,NULL,NULL,NULL,NULL,'available','/assets/listing-sample.jpg',1,'2026-05-13 00:25:23','2026-05-13 00:25:23'),(161,66,'Quo Dicta Ut','quo-dicta-ut','Et error dolore tempore.',NULL,NULL,NULL,NULL,NULL,'available','/assets/listing-sample.jpg',1,'2026-05-13 00:25:23','2026-05-13 00:25:23'),(162,67,'Architecto Praesentium Ipsum','architecto-praesentium-ipsum','Placeat odit ipsum minima ipsa earum.',NULL,NULL,NULL,NULL,NULL,'available','/assets/listing-sample.jpg',1,'2026-05-13 00:25:23','2026-05-13 00:25:23'),(163,67,'Qui Laborum Et','qui-laborum-et','Sint est voluptas laboriosam qui ipsam harum.',NULL,NULL,NULL,NULL,NULL,'available','/assets/listing-sample.jpg',1,'2026-05-13 00:25:23','2026-05-13 00:25:23'),(164,68,'Modi Officia Sunt','modi-officia-sunt','Minus voluptatem minus rerum vel.',NULL,NULL,NULL,NULL,NULL,'available','/assets/listing-sample.jpg',1,'2026-05-13 00:25:23','2026-05-13 00:25:23'),(165,68,'Est Dignissimos Mollitia','est-dignissimos-mollitia','Explicabo minus accusamus quo qui.',NULL,NULL,NULL,NULL,NULL,'available','/assets/listing-sample.jpg',1,'2026-05-13 00:25:23','2026-05-13 00:25:23'),(166,69,'Et Asperiores Perspiciatis','et-asperiores-perspiciatis','Nesciunt est qui velit numquam rerum placeat.',NULL,NULL,NULL,NULL,NULL,'available','/assets/listing-sample.jpg',1,'2026-05-13 00:25:23','2026-05-13 00:25:23'),(167,70,'Aut Ut Sit','aut-ut-sit','Vel ipsa ut qui voluptatem aperiam quidem.',NULL,NULL,NULL,NULL,NULL,'available','/assets/listing-sample.jpg',1,'2026-05-13 00:25:23','2026-05-13 00:25:23'),(168,70,'Laborum Excepturi Et','laborum-excepturi-et','Soluta atque consequatur officia eos dolorum fuga nihil explicabo.',NULL,NULL,NULL,NULL,NULL,'available','/assets/listing-sample.jpg',1,'2026-05-13 00:25:23','2026-05-13 00:25:23'),(169,71,'Quia Possimus Voluptatem','quia-possimus-voluptatem','Saepe ducimus modi occaecati consequatur omnis.',NULL,NULL,NULL,NULL,NULL,'available','/assets/listing-sample.jpg',1,'2026-05-13 00:25:23','2026-05-13 00:25:23'),(170,71,'Minus Enim Aspernatur','minus-enim-aspernatur','Id qui repellendus impedit tenetur earum deserunt.',NULL,NULL,NULL,NULL,NULL,'available','/assets/listing-sample.jpg',1,'2026-05-13 00:25:23','2026-05-13 00:25:23'),(171,72,'In Eius Doloribus','in-eius-doloribus','Qui ab et cumque in omnis.',NULL,NULL,NULL,NULL,NULL,'available','/assets/listing-sample.jpg',1,'2026-05-13 00:25:23','2026-05-13 00:25:23'),(172,72,'Modi Optio Aut','modi-optio-aut','Est doloribus molestiae beatae fugit ab tenetur odio rerum.',NULL,NULL,NULL,NULL,NULL,'available','/assets/listing-sample.jpg',1,'2026-05-13 00:25:23','2026-05-13 00:25:23'),(173,72,'Architecto Vero Omnis','architecto-vero-omnis','Et recusandae blanditiis illum ea officia amet id.',NULL,NULL,NULL,NULL,NULL,'available','/assets/listing-sample.jpg',1,'2026-05-13 00:25:23','2026-05-13 00:25:23'),(174,73,'Quia In Minus','quia-in-minus','Nostrum at mollitia accusamus laboriosam ducimus porro quod.',NULL,NULL,NULL,NULL,NULL,'available','/assets/listing-sample.jpg',1,'2026-05-13 00:25:23','2026-05-13 00:25:23'),(175,73,'Cupiditate Aperiam Quidem','cupiditate-aperiam-quidem','Voluptatem nisi consequuntur eaque incidunt ut distinctio.',NULL,NULL,NULL,NULL,NULL,'available','/assets/listing-sample.jpg',1,'2026-05-13 00:25:23','2026-05-13 00:25:23'),(176,73,'Molestias Quia Alias','molestias-quia-alias','Qui dolores sit earum et hic.',NULL,NULL,NULL,NULL,NULL,'available','/assets/listing-sample.jpg',1,'2026-05-13 00:25:23','2026-05-13 00:25:23'),(177,73,'Dolore Ipsam Sed','dolore-ipsam-sed','Aliquid voluptatum laudantium et.',NULL,NULL,NULL,NULL,NULL,'available','/assets/listing-sample.jpg',1,'2026-05-13 00:25:23','2026-05-13 00:25:23'),(178,74,'Eius Quaerat Magnam','eius-quaerat-magnam','Sit magni est qui quidem quis saepe illum consequatur.',NULL,NULL,NULL,NULL,NULL,'available','/assets/listing-sample.jpg',1,'2026-05-13 00:25:23','2026-05-13 00:25:23'),(179,74,'Soluta Nulla Consequuntur','soluta-nulla-consequuntur','Quae hic veritatis voluptas cum consectetur ullam.',NULL,NULL,NULL,NULL,NULL,'available','/assets/listing-sample.jpg',1,'2026-05-13 00:25:23','2026-05-13 00:25:23'),(180,74,'Nobis Sit Est','nobis-sit-est','Explicabo sed consequatur sed excepturi cumque.',NULL,NULL,NULL,NULL,NULL,'available','/assets/listing-sample.jpg',1,'2026-05-13 00:25:23','2026-05-13 00:25:23'),(181,74,'Fugiat Minus Natus','fugiat-minus-natus','Pariatur aperiam impedit est et labore similique.',NULL,NULL,NULL,NULL,NULL,'available','/assets/listing-sample.jpg',1,'2026-05-13 00:25:23','2026-05-13 00:25:23'),(182,75,'Blanditiis Fuga Qui','blanditiis-fuga-qui','Aspernatur qui laudantium cum quas accusamus.',NULL,NULL,NULL,NULL,NULL,'available','/assets/listing-sample.jpg',1,'2026-05-13 00:25:23','2026-05-13 00:25:23'),(183,75,'Odit Blanditiis Facere','odit-blanditiis-facere','Eligendi aut optio a vero molestias blanditiis.',NULL,NULL,NULL,NULL,NULL,'available','/assets/listing-sample.jpg',1,'2026-05-13 00:25:23','2026-05-13 00:25:23'),(184,76,'Molestiae Autem Beatae','molestiae-autem-beatae','Id ipsam soluta accusantium ut ipsum rerum ut.',NULL,NULL,NULL,NULL,NULL,'available','/assets/listing-sample.jpg',1,'2026-05-13 00:25:23','2026-05-13 00:25:23'),(185,76,'Nihil Est Omnis','nihil-est-omnis','Ut aut voluptas voluptatum sed quisquam quia natus eos.',NULL,NULL,NULL,NULL,NULL,'available','/assets/listing-sample.jpg',1,'2026-05-13 00:25:23','2026-05-13 00:25:23'),(186,77,'Rerum Tempora Fuga','rerum-tempora-fuga','Sapiente omnis in praesentium minus nam numquam atque molestiae.',NULL,NULL,NULL,NULL,NULL,'available','/assets/listing-sample.jpg',1,'2026-05-13 00:25:23','2026-05-13 00:25:23'),(187,77,'Aliquam Et Illo','aliquam-et-illo','Recusandae debitis at alias vero consequatur libero et.',NULL,NULL,NULL,NULL,NULL,'available','/assets/listing-sample.jpg',1,'2026-05-13 00:25:23','2026-05-13 00:25:23'),(188,77,'At Et Perferendis','at-et-perferendis','Laborum voluptatem vitae expedita dolorem ipsa fuga aut deserunt.',NULL,NULL,NULL,NULL,NULL,'available','/assets/listing-sample.jpg',1,'2026-05-13 00:25:23','2026-05-13 00:25:23'),(189,77,'Illo Et Rem','illo-et-rem','Aliquid illo dolorum quas quidem atque.',NULL,NULL,NULL,NULL,NULL,'available','/assets/listing-sample.jpg',1,'2026-05-13 00:25:23','2026-05-13 00:25:23'),(190,78,'Molestiae Nihil Molestias','molestiae-nihil-molestias','Tempora vitae commodi illum eum rem maxime.',NULL,NULL,NULL,NULL,NULL,'available','/assets/listing-sample.jpg',1,'2026-05-13 00:25:23','2026-05-13 00:25:23'),(191,78,'Vero Nisi Officia','vero-nisi-officia','Qui et quaerat quod sint neque.',NULL,NULL,NULL,NULL,NULL,'available','/assets/listing-sample.jpg',1,'2026-05-13 00:25:23','2026-05-13 00:25:23'),(192,78,'Necessitatibus Consectetur Dolores','necessitatibus-consectetur-dolores','Ab distinctio in ut exercitationem facere dolorum praesentium.',NULL,NULL,NULL,NULL,NULL,'available','/assets/listing-sample.jpg',1,'2026-05-13 00:25:23','2026-05-13 00:25:23'),(193,78,'Est Natus Deserunt','est-natus-deserunt','Assumenda impedit alias atque et voluptates reprehenderit.',NULL,NULL,NULL,NULL,NULL,'available','/assets/listing-sample.jpg',1,'2026-05-13 00:25:23','2026-05-13 00:25:23'),(194,79,'Quia Magnam Dolorem','quia-magnam-dolorem','Laudantium quis quis voluptas autem consequuntur tenetur autem.',NULL,NULL,NULL,NULL,NULL,'available','/assets/listing-sample.jpg',1,'2026-05-13 00:25:23','2026-05-13 00:25:23'),(195,79,'Dolorem Et Necessitatibus','dolorem-et-necessitatibus','In amet in rem atque.',NULL,NULL,NULL,NULL,NULL,'available','/assets/listing-sample.jpg',1,'2026-05-13 00:25:23','2026-05-13 00:25:23'),(196,79,'Et Pariatur Voluptatum','et-pariatur-voluptatum','Et mollitia minima voluptatibus cum consequatur ullam et ipsam.',NULL,NULL,NULL,NULL,NULL,'available','/assets/listing-sample.jpg',1,'2026-05-13 00:25:23','2026-05-13 00:25:23'),(197,80,'Optio Voluptatibus Quis','optio-voluptatibus-quis','Consectetur eveniet nihil mollitia sunt.',NULL,NULL,NULL,NULL,NULL,'available','/assets/listing-sample.jpg',1,'2026-05-13 00:25:23','2026-05-13 00:25:23'),(198,81,'Omnis Harum Molestiae','omnis-harum-molestiae','Perferendis enim sunt sint nemo.',NULL,NULL,NULL,NULL,NULL,'available','/assets/listing-sample.jpg',1,'2026-05-13 00:25:23','2026-05-13 00:25:23'),(199,81,'Nesciunt Dolor Nihil','nesciunt-dolor-nihil','Modi id quas tempora velit.',NULL,NULL,NULL,NULL,NULL,'available','/assets/listing-sample.jpg',1,'2026-05-13 00:25:23','2026-05-13 00:25:23'),(200,82,'Id Sed Deleniti','id-sed-deleniti','Quia voluptatem consequatur et quia reiciendis eligendi et debitis.',NULL,NULL,NULL,NULL,NULL,'available','/assets/listing-sample.jpg',1,'2026-05-13 00:25:23','2026-05-13 00:25:23'),(201,82,'Praesentium Facilis Voluptas','praesentium-facilis-voluptas','Assumenda praesentium quia sit eos aut in est cupiditate.',NULL,NULL,NULL,NULL,NULL,'available','/assets/listing-sample.jpg',1,'2026-05-13 00:25:23','2026-05-13 00:25:23'),(202,83,'Vel Quo Ratione','vel-quo-ratione','Nemo velit aut praesentium dolorum cumque sed dignissimos.',NULL,NULL,NULL,NULL,NULL,'available','/assets/listing-sample.jpg',1,'2026-05-13 00:25:23','2026-05-13 00:25:23'),(203,83,'Officia Est Voluptas','officia-est-voluptas','Aliquid quo ea nisi error sit.',NULL,NULL,NULL,NULL,NULL,'available','/assets/listing-sample.jpg',1,'2026-05-13 00:25:23','2026-05-13 00:25:23'),(204,83,'Eaque Atque In','eaque-atque-in','Officiis placeat voluptatem consequatur laborum dolores.',NULL,NULL,NULL,NULL,NULL,'available','/assets/listing-sample.jpg',1,'2026-05-13 00:25:23','2026-05-13 00:25:23'),(205,83,'Voluptatum Qui Et','voluptatum-qui-et','Id eligendi consectetur quasi temporibus.',NULL,NULL,NULL,NULL,NULL,'available','/assets/listing-sample.jpg',1,'2026-05-13 00:25:23','2026-05-13 00:25:23'),(206,84,'Architecto Quae Ab','architecto-quae-ab','Ut deleniti vel nihil enim blanditiis.',NULL,NULL,NULL,NULL,NULL,'available','/assets/listing-sample.jpg',1,'2026-05-13 00:25:23','2026-05-13 00:25:23'),(207,85,'Amet Cumque Iure','amet-cumque-iure','Velit distinctio et praesentium a.',NULL,NULL,NULL,NULL,NULL,'available','/assets/listing-sample.jpg',1,'2026-05-13 00:25:23','2026-05-13 00:25:23'),(208,85,'Quos Consequatur Non','quos-consequatur-non','Qui aut id sapiente enim.',NULL,NULL,NULL,NULL,NULL,'available','/assets/listing-sample.jpg',1,'2026-05-13 00:25:23','2026-05-13 00:25:23'),(209,86,'Nulla Voluptas Aliquam','nulla-voluptas-aliquam','Dicta delectus corrupti suscipit qui deleniti rerum itaque.',NULL,NULL,NULL,NULL,NULL,'available','/assets/listing-sample.jpg',1,'2026-05-13 00:25:23','2026-05-13 00:25:23'),(210,86,'Quis Quam Deserunt','quis-quam-deserunt','Maiores sequi et odit ipsa.',NULL,NULL,NULL,NULL,NULL,'available','/assets/listing-sample.jpg',1,'2026-05-13 00:25:23','2026-05-13 00:25:23'),(211,86,'Labore Assumenda Provident','labore-assumenda-provident','Facere est pariatur dignissimos et quo dolor.',NULL,NULL,NULL,NULL,NULL,'available','/assets/listing-sample.jpg',1,'2026-05-13 00:25:23','2026-05-13 00:25:23'),(212,86,'Eos Omnis Vel','eos-omnis-vel','Animi autem accusantium atque delectus consequatur eaque aliquam.',NULL,NULL,NULL,NULL,NULL,'available','/assets/listing-sample.jpg',1,'2026-05-13 00:25:23','2026-05-13 00:25:23'),(213,87,'Sed Amet Iste','sed-amet-iste','Officiis est vero quae exercitationem porro perspiciatis optio provident.',NULL,NULL,NULL,NULL,NULL,'available','/assets/listing-sample.jpg',1,'2026-05-13 00:25:23','2026-05-13 00:25:23'),(214,87,'Eius Ut Id','eius-ut-id','Adipisci enim ut quae.',NULL,NULL,NULL,NULL,NULL,'available','/assets/listing-sample.jpg',1,'2026-05-13 00:25:23','2026-05-13 00:25:23'),(215,87,'Quia Modi Incidunt','quia-modi-incidunt','Provident doloremque error odio qui.',NULL,NULL,NULL,NULL,NULL,'available','/assets/listing-sample.jpg',1,'2026-05-13 00:25:23','2026-05-13 00:25:23'),(216,87,'Odio Accusamus Consequuntur','odio-accusamus-consequuntur','Expedita exercitationem minima nulla provident odio.',NULL,NULL,NULL,NULL,NULL,'available','/assets/listing-sample.jpg',1,'2026-05-13 00:25:23','2026-05-13 00:25:23'),(217,88,'Quas Et Hic','quas-et-hic','Eveniet pariatur ab quae natus non nihil vel.',NULL,NULL,NULL,NULL,NULL,'available','/assets/listing-sample.jpg',1,'2026-05-13 00:25:23','2026-05-13 00:25:23'),(218,89,'Dolor Numquam Dolor','dolor-numquam-dolor','Eaque expedita quia esse impedit omnis veniam.',NULL,NULL,NULL,NULL,NULL,'available','/assets/listing-sample.jpg',1,'2026-05-13 00:25:23','2026-05-13 00:25:23'),(219,89,'Quo Velit Et','quo-velit-et','Rerum delectus temporibus velit cumque inventore aspernatur repellendus.',NULL,NULL,NULL,NULL,NULL,'available','/assets/listing-sample.jpg',1,'2026-05-13 00:25:23','2026-05-13 00:25:23'),(220,89,'Dolorum Officiis Rerum','dolorum-officiis-rerum','Et aliquam exercitationem et voluptatem amet neque.',NULL,NULL,NULL,NULL,NULL,'available','/assets/listing-sample.jpg',1,'2026-05-13 00:25:23','2026-05-13 00:25:23'),(221,90,'Cum Ut Reprehenderit','cum-ut-reprehenderit','Amet officia id sint cupiditate ea qui omnis.',NULL,NULL,NULL,NULL,NULL,'available','/assets/listing-sample.jpg',1,'2026-05-13 00:25:23','2026-05-13 00:25:23'),(222,90,'Modi Placeat Quia','modi-placeat-quia','Aut ex repellendus minus repellendus quia aspernatur odio.',NULL,NULL,NULL,NULL,NULL,'available','/assets/listing-sample.jpg',1,'2026-05-13 00:25:23','2026-05-13 00:25:23'),(223,90,'Tenetur Quam Quia','tenetur-quam-quia','Dolorum in facere ipsam.',NULL,NULL,NULL,NULL,NULL,'available','/assets/listing-sample.jpg',1,'2026-05-13 00:25:23','2026-05-13 00:25:23'),(224,90,'Sit Accusamus Pariatur','sit-accusamus-pariatur','Voluptatem aliquam voluptate voluptas quia eum dolorem.',NULL,NULL,NULL,NULL,NULL,'available','/assets/listing-sample.jpg',1,'2026-05-13 00:25:23','2026-05-13 00:25:23'),(225,91,'Optio Est Et','optio-est-et','Dolor est suscipit porro ducimus eum tempore.',NULL,NULL,NULL,NULL,NULL,'available','/assets/listing-sample.jpg',1,'2026-05-13 00:25:23','2026-05-13 00:25:23'),(226,91,'Dolorem Culpa Qui','dolorem-culpa-qui','Nam itaque et ad quam vitae quia iusto.',NULL,NULL,NULL,NULL,NULL,'available','/assets/listing-sample.jpg',1,'2026-05-13 00:25:23','2026-05-13 00:25:23'),(227,91,'Eum Est Molestias','eum-est-molestias','Optio et cupiditate dolor voluptatem ducimus aspernatur.',NULL,NULL,NULL,NULL,NULL,'available','/assets/listing-sample.jpg',1,'2026-05-13 00:25:23','2026-05-13 00:25:23'),(228,92,'Quia Harum Necessitatibus','quia-harum-necessitatibus','Ea voluptatibus debitis ut magnam tenetur non modi.',NULL,NULL,NULL,NULL,NULL,'available','/assets/listing-sample.jpg',1,'2026-05-13 00:25:23','2026-05-13 00:25:23'),(229,92,'Dicta Dolor Iure','dicta-dolor-iure','Temporibus quisquam est nihil consequatur reprehenderit aspernatur est ut.',NULL,NULL,NULL,NULL,NULL,'available','/assets/listing-sample.jpg',1,'2026-05-13 00:25:23','2026-05-13 00:25:23'),(230,92,'Molestias Placeat Quo','molestias-placeat-quo','Suscipit fugiat iusto quisquam quia asperiores.',NULL,NULL,NULL,NULL,NULL,'available','/assets/listing-sample.jpg',1,'2026-05-13 00:25:23','2026-05-13 00:25:23'),(231,92,'Praesentium Sunt Voluptatum','praesentium-sunt-voluptatum','Omnis qui atque quasi reprehenderit quia.',NULL,NULL,NULL,NULL,NULL,'available','/assets/listing-sample.jpg',1,'2026-05-13 00:25:23','2026-05-13 00:25:23'),(232,93,'Et Odio Eum','et-odio-eum','Sint repellendus facilis ad nostrum facilis ipsa.',NULL,NULL,NULL,NULL,NULL,'available','/assets/listing-sample.jpg',1,'2026-05-13 00:25:23','2026-05-13 00:25:23'),(233,93,'Et Consequatur Saepe','et-consequatur-saepe','Sed neque qui occaecati qui.',NULL,NULL,NULL,NULL,NULL,'available','/assets/listing-sample.jpg',1,'2026-05-13 00:25:23','2026-05-13 00:25:23'),(234,93,'Et Ipsa Ut','et-ipsa-ut','Illum molestias nostrum et nostrum qui reprehenderit.',NULL,NULL,NULL,NULL,NULL,'available','/assets/listing-sample.jpg',1,'2026-05-13 00:25:23','2026-05-13 00:25:23'),(235,94,'Molestiae Velit Veritatis','molestiae-velit-veritatis','Necessitatibus repellat perspiciatis aut amet.',NULL,NULL,NULL,NULL,NULL,'available','/assets/listing-sample.jpg',1,'2026-05-13 00:25:23','2026-05-13 00:25:23'),(236,94,'Consequatur Explicabo Deserunt','consequatur-explicabo-deserunt','Ex nostrum similique tenetur.',NULL,NULL,NULL,NULL,NULL,'available','/assets/listing-sample.jpg',1,'2026-05-13 00:25:23','2026-05-13 00:25:23'),(237,94,'Quia Commodi Non','quia-commodi-non','Tempore harum vel quis accusamus quo.',NULL,NULL,NULL,NULL,NULL,'available','/assets/listing-sample.jpg',1,'2026-05-13 00:25:23','2026-05-13 00:25:23'),(238,94,'Facilis Molestias Blanditiis','facilis-molestias-blanditiis','Qui id hic laudantium ut aut cum iusto quisquam.',NULL,NULL,NULL,NULL,NULL,'available','/assets/listing-sample.jpg',1,'2026-05-13 00:25:23','2026-05-13 00:25:23'),(239,95,'Doloribus Amet Dolores','doloribus-amet-dolores','Architecto aut et quos molestiae consequuntur et.',NULL,NULL,NULL,NULL,NULL,'available','/assets/listing-sample.jpg',1,'2026-05-13 00:25:23','2026-05-13 00:25:23'),(240,95,'Ab Quia Deserunt','ab-quia-deserunt','Minus assumenda dolor iusto cumque unde.',NULL,NULL,NULL,NULL,NULL,'available','/assets/listing-sample.jpg',1,'2026-05-13 00:25:23','2026-05-13 00:25:23'),(241,96,'Cumque Dolores Aut','cumque-dolores-aut','Hic expedita enim adipisci similique voluptatem.',NULL,NULL,NULL,NULL,NULL,'available','/assets/listing-sample.jpg',1,'2026-05-13 00:25:23','2026-05-13 00:25:23'),(242,96,'Deleniti Aliquam Omnis','deleniti-aliquam-omnis','Quis odio ut nobis ipsam est.',NULL,NULL,NULL,NULL,NULL,'available','/assets/listing-sample.jpg',1,'2026-05-13 00:25:23','2026-05-13 00:25:23'),(243,96,'Officiis Corporis Officia','officiis-corporis-officia','Consectetur eius a cupiditate labore exercitationem consequatur.',NULL,NULL,NULL,NULL,NULL,'available','/assets/listing-sample.jpg',1,'2026-05-13 00:25:23','2026-05-13 00:25:23'),(244,97,'Culpa Culpa Et','culpa-culpa-et','Provident rerum ratione omnis.',NULL,NULL,NULL,NULL,NULL,'available','/assets/listing-sample.jpg',1,'2026-05-13 00:25:23','2026-05-13 00:25:23'),(245,97,'Voluptatem Rerum Perferendis','voluptatem-rerum-perferendis','Facere ducimus ipsam molestiae dolore ut et.',NULL,NULL,NULL,NULL,NULL,'available','/assets/listing-sample.jpg',1,'2026-05-13 00:25:23','2026-05-13 00:25:23'),(246,97,'Laborum Assumenda Ut','laborum-assumenda-ut','Occaecati qui aperiam corporis facilis rerum repellat est.',NULL,NULL,NULL,NULL,NULL,'available','/assets/listing-sample.jpg',1,'2026-05-13 00:25:23','2026-05-13 00:25:23'),(247,97,'Voluptate Voluptatem Dolores','voluptate-voluptatem-dolores','Rerum corporis cumque suscipit quia.',NULL,NULL,NULL,NULL,NULL,'available','/assets/listing-sample.jpg',1,'2026-05-13 00:25:23','2026-05-13 00:25:23'),(248,98,'Voluptatum Ad Dolorem','voluptatum-ad-dolorem','Omnis nulla praesentium repudiandae eaque.',NULL,NULL,NULL,NULL,NULL,'available','/assets/listing-sample.jpg',1,'2026-05-13 00:25:23','2026-05-13 00:25:23'),(249,98,'Et Voluptatum Non','et-voluptatum-non','Ad ad omnis deleniti consequuntur a dolores vitae.',NULL,NULL,NULL,NULL,NULL,'available','/assets/listing-sample.jpg',1,'2026-05-13 00:25:23','2026-05-13 00:25:23'),(250,99,'Quisquam Eaque Ea','quisquam-eaque-ea','Atque facere at numquam id nesciunt molestiae temporibus explicabo.',NULL,NULL,NULL,NULL,NULL,'available','/assets/listing-sample.jpg',1,'2026-05-13 00:25:23','2026-05-13 00:25:23'),(251,99,'Alias Nesciunt Dolorem','alias-nesciunt-dolorem','Eius beatae odio quis dolor mollitia rerum consequatur.',NULL,NULL,NULL,NULL,NULL,'available','/assets/listing-sample.jpg',1,'2026-05-13 00:25:23','2026-05-13 00:25:23'),(252,99,'Officiis Quis Aperiam','officiis-quis-aperiam','Perspiciatis sit voluptatum in libero.',NULL,NULL,NULL,NULL,NULL,'available','/assets/listing-sample.jpg',1,'2026-05-13 00:25:23','2026-05-13 00:25:23'),(253,99,'Aut Repellat Facilis','aut-repellat-facilis','Ullam excepturi pariatur modi.',NULL,NULL,NULL,NULL,NULL,'available','/assets/listing-sample.jpg',1,'2026-05-13 00:25:23','2026-05-13 00:25:23'),(254,100,'Dignissimos Ut Magni','dignissimos-ut-magni','Non consequatur ipsam rem vel autem ab.',NULL,NULL,NULL,NULL,NULL,'available','/assets/listing-sample.jpg',1,'2026-05-13 00:25:23','2026-05-13 00:25:23'),(255,100,'Aut Aut Animi','aut-aut-animi','Unde debitis non dolorum non ea sint.',NULL,NULL,NULL,NULL,NULL,'available','/assets/listing-sample.jpg',1,'2026-05-13 00:25:23','2026-05-13 00:25:23'),(256,100,'Quia Id Et','quia-id-et','Id accusamus quod et rerum qui rerum quia tenetur.',NULL,NULL,NULL,NULL,NULL,'available','/assets/listing-sample.jpg',1,'2026-05-13 00:25:23','2026-05-13 00:25:23'),(257,101,'Tenetur Explicabo Qui','tenetur-explicabo-qui','Aut quod ut ea molestias occaecati error.',NULL,NULL,NULL,NULL,NULL,'available','/assets/listing-sample.jpg',1,'2026-05-13 00:25:23','2026-05-13 00:25:23'),(258,101,'Minus Perferendis Voluptatum','minus-perferendis-voluptatum','Quia dolorum ex dicta corporis ex enim omnis.',NULL,NULL,NULL,NULL,NULL,'available','/assets/listing-sample.jpg',1,'2026-05-13 00:25:23','2026-05-13 00:25:23'),(259,101,'Enim Est Dolore','enim-est-dolore','Tenetur deleniti est sint alias dolor tempora.',NULL,NULL,NULL,NULL,NULL,'available','/assets/listing-sample.jpg',1,'2026-05-13 00:25:23','2026-05-13 00:25:23'),(260,101,'Voluptas Debitis Non','voluptas-debitis-non','Molestias consequuntur ullam similique non commodi est.',NULL,NULL,NULL,NULL,NULL,'available','/assets/listing-sample.jpg',1,'2026-05-13 00:25:23','2026-05-13 00:25:23'),(261,102,'Deleniti Sunt Voluptate','deleniti-sunt-voluptate','Aliquid a repudiandae sit deleniti nihil temporibus.',NULL,NULL,NULL,NULL,NULL,'available','/assets/listing-sample.jpg',1,'2026-05-13 00:25:23','2026-05-13 00:25:23'),(262,102,'Non Dolores Maxime','non-dolores-maxime','Esse et vero consectetur magnam consequuntur id aperiam.',NULL,NULL,NULL,NULL,NULL,'available','/assets/listing-sample.jpg',1,'2026-05-13 00:25:23','2026-05-13 00:25:23'),(263,102,'Exercitationem In Nam','exercitationem-in-nam','Necessitatibus dolorem unde non voluptatem repudiandae.',NULL,NULL,NULL,NULL,NULL,'available','/assets/listing-sample.jpg',1,'2026-05-13 00:25:23','2026-05-13 00:25:23'),(264,103,'Itaque Rerum Quaerat','itaque-rerum-quaerat','Expedita labore illum neque.',NULL,NULL,NULL,NULL,NULL,'available','/assets/listing-sample.jpg',1,'2026-05-13 00:25:23','2026-05-13 00:25:23'),(265,103,'Assumenda Eum Fuga','assumenda-eum-fuga','Eos qui non eos praesentium fugit iste.',NULL,NULL,NULL,NULL,NULL,'available','/assets/listing-sample.jpg',1,'2026-05-13 00:25:23','2026-05-13 00:25:23'),(266,103,'Est Quis Voluptatem','est-quis-voluptatem','Sed esse saepe aliquid numquam vel.',NULL,NULL,NULL,NULL,NULL,'available','/assets/listing-sample.jpg',1,'2026-05-13 00:25:23','2026-05-13 00:25:23'),(267,103,'Nihil Quia Distinctio','nihil-quia-distinctio','Qui ea eum sed fugiat voluptatem.',NULL,NULL,NULL,NULL,NULL,'available','/assets/listing-sample.jpg',1,'2026-05-13 00:25:23','2026-05-13 00:25:23');
/*!40000 ALTER TABLE `products` ENABLE KEYS */;
UNLOCK TABLES;

--
-- Table structure for table `search_histories`
--

DROP TABLE IF EXISTS `search_histories`;
/*!40101 SET @saved_cs_client     = @@character_set_client */;
/*!40101 SET character_set_client = utf8 */;
CREATE TABLE `search_histories` (
  `id` bigint(20) unsigned NOT NULL AUTO_INCREMENT,
  `user_id` bigint(20) unsigned DEFAULT NULL,
  `query` varchar(255) DEFAULT NULL,
  `location` varchar(255) DEFAULT NULL,
  `filters` longtext CHARACTER SET utf8mb4 COLLATE utf8mb4_bin DEFAULT NULL CHECK (json_valid(`filters`)),
  `created_at` timestamp NULL DEFAULT NULL,
  `updated_at` timestamp NULL DEFAULT NULL,
  PRIMARY KEY (`id`),
  KEY `search_histories_user_id_foreign` (`user_id`),
  CONSTRAINT `search_histories_user_id_foreign` FOREIGN KEY (`user_id`) REFERENCES `users` (`id`) ON DELETE SET NULL
) ENGINE=InnoDB AUTO_INCREMENT=13 DEFAULT CHARSET=utf8mb4 COLLATE=utf8mb4_unicode_ci;
/*!40101 SET character_set_client = @saved_cs_client */;

--
-- Dumping data for table `search_histories`
--

LOCK TABLES `search_histories` WRITE;
/*!40000 ALTER TABLE `search_histories` DISABLE KEYS */;
INSERT INTO `search_histories` VALUES (1,1,NULL,NULL,'{\"route\":\"directory.index\"}','2026-05-11 23:25:10','2026-05-11 23:25:10'),(2,1,NULL,NULL,'{\"route\":\"directory.index\"}','2026-05-12 01:26:17','2026-05-12 01:26:17'),(3,1,NULL,NULL,'[]','2026-05-12 18:40:48','2026-05-12 18:40:48'),(4,1,NULL,NULL,'[]','2026-05-12 22:07:32','2026-05-12 22:07:32'),(5,1,NULL,NULL,'[]','2026-05-13 00:00:32','2026-05-13 00:00:32'),(6,1,NULL,NULL,'[]','2026-05-13 00:14:30','2026-05-13 00:14:30'),(7,1,NULL,NULL,'[]','2026-05-13 00:15:03','2026-05-13 00:15:03'),(8,1,NULL,NULL,'[]','2026-05-13 00:19:36','2026-05-13 00:19:36'),(9,1,NULL,NULL,'[]','2026-05-13 00:23:26','2026-05-13 00:23:26'),(10,1,NULL,NULL,'[]','2026-05-13 00:25:12','2026-05-13 00:25:12'),(11,1,NULL,NULL,'[]','2026-05-13 00:27:15','2026-05-13 00:27:15'),(12,1,NULL,NULL,'[]','2026-05-13 01:28:37','2026-05-13 01:28:37');
/*!40000 ALTER TABLE `search_histories` ENABLE KEYS */;
UNLOCK TABLES;

--
-- Table structure for table `sessions`
--

DROP TABLE IF EXISTS `sessions`;
/*!40101 SET @saved_cs_client     = @@character_set_client */;
/*!40101 SET character_set_client = utf8 */;
CREATE TABLE `sessions` (
  `id` varchar(255) NOT NULL,
  `user_id` bigint(20) unsigned DEFAULT NULL,
  `ip_address` varchar(45) DEFAULT NULL,
  `user_agent` text DEFAULT NULL,
  `payload` longtext NOT NULL,
  `last_activity` int(11) NOT NULL,
  PRIMARY KEY (`id`),
  KEY `sessions_user_id_index` (`user_id`),
  KEY `sessions_last_activity_index` (`last_activity`)
) ENGINE=InnoDB DEFAULT CHARSET=utf8mb4 COLLATE=utf8mb4_unicode_ci;
/*!40101 SET character_set_client = @saved_cs_client */;

--
-- Dumping data for table `sessions`
--

LOCK TABLES `sessions` WRITE;
/*!40000 ALTER TABLE `sessions` DISABLE KEYS */;
INSERT INTO `sessions` VALUES ('3yuGoLc2pXxeALestf6aJAnmJwW6aC82cBqgPO9B',NULL,'127.0.0.1','Mozilla/5.0 (Windows NT 10.0; Win64; x64) AppleWebKit/537.36 (KHTML, like Gecko) Chrome/148.0.0.0 Safari/537.36','YTozOntzOjY6Il90b2tlbiI7czo0MDoiUkdGUTg2N3h3ck9PVVB0QXNBYWEyakVOa0t2MHYzMUFVQ0U5dFU4WCI7czo5OiJfcHJldmlvdXMiO2E6Mjp7czozOiJ1cmwiO3M6MjE6Imh0dHA6Ly8xMjcuMC4wLjE6ODAwMCI7czo1OiJyb3V0ZSI7czo0OiJob21lIjt9czo2OiJfZmxhc2giO2E6Mjp7czozOiJvbGQiO2E6MDp7fXM6MzoibmV3IjthOjA6e319fQ==',1779121766),('55mgvusZqA5fqmjOoWCVmyyn1oBmPwg6c42ssV4i',NULL,'127.0.0.1','Mozilla/5.0 (Windows NT 10.0; Win64; x64) AppleWebKit/537.36 (KHTML, like Gecko) Chrome/148.0.0.0 Safari/537.36','YTozOntzOjY6Il90b2tlbiI7czo0MDoiUnFXQ1pITmNvRUFUWmtDdzVIMzdVMGpJWTdaY2RrMTFOUk9jNDJ5SyI7czo5OiJfcHJldmlvdXMiO2E6Mjp7czozOiJ1cmwiO3M6MjE6Imh0dHA6Ly8xMjcuMC4wLjE6ODAwMCI7czo1OiJyb3V0ZSI7czo0OiJob21lIjt9czo2OiJfZmxhc2giO2E6Mjp7czozOiJvbGQiO2E6MDp7fXM6MzoibmV3IjthOjA6e319fQ==',1779089637),('A1yoGVtnzmiJAEYcsQafmciRkWL86ZxxmJfHvJUD',NULL,'127.0.0.1','Mozilla/5.0 (Windows NT 10.0; Win64; x64) AppleWebKit/537.36 (KHTML, like Gecko) Chrome/148.0.0.0 Safari/537.36','YTozOntzOjY6Il90b2tlbiI7czo0MDoiN05KTkFoS0hKZzZFRzlGc29URjdRakFjRWtoOTNMcm4yeFF1eE1ReCI7czo5OiJfcHJldmlvdXMiO2E6Mjp7czozOiJ1cmwiO3M6Mjc6Imh0dHA6Ly8xMjcuMC4wLjE6ODAwMC9sb2dpbiI7czo1OiJyb3V0ZSI7czo1OiJsb2dpbiI7fXM6NjoiX2ZsYXNoIjthOjI6e3M6Mzoib2xkIjthOjA6e31zOjM6Im5ldyI7YTowOnt9fX0=',1778756628),('CMlgzLCpVY77ytVE1MU3r3cQNztHLzpHLEv3QbDD',NULL,'127.0.0.1','Mozilla/5.0 (Windows NT 10.0; Microsoft Windows 10.0.26200; ms-MY) PowerShell/7.6.1','YTozOntzOjY6Il90b2tlbiI7czo0MDoicEE5blY2cGhhbjVoNkhqVGh3QTNORVB4cDhMTFU4amVNMDcyN2QzUCI7czo5OiJfcHJldmlvdXMiO2E6Mjp7czozOiJ1cmwiO3M6MjE6Imh0dHA6Ly8xMjcuMC4wLjE6ODAwMCI7czo1OiJyb3V0ZSI7czo0OiJob21lIjt9czo2OiJfZmxhc2giO2E6Mjp7czozOiJvbGQiO2E6MDp7fXM6MzoibmV3IjthOjA6e319fQ==',1778753699),('CyiBctBnC6Oi3NWWqWpmBfwVokN2ozYIqkkARaKG',NULL,'127.0.0.1','Mozilla/5.0 (Windows NT 10.0; Microsoft Windows 10.0.26200; ms-MY) PowerShell/7.6.1','YTozOntzOjY6Il90b2tlbiI7czo0MDoiSnBIQTFYZkd1WFlEaEd6MEFPcld4T0NTSzVuUzV6YnREZjFYQ2RTTCI7czo5OiJfcHJldmlvdXMiO2E6Mjp7czozOiJ1cmwiO3M6NDY6Imh0dHA6Ly8xMjcuMC4wLjE6ODAwMC9kaXJlY3Rvcnk/cT1GcmVzaCUyMEZpc2giO3M6NToicm91dGUiO3M6MTU6ImRpcmVjdG9yeS5pbmRleCI7fXM6NjoiX2ZsYXNoIjthOjI6e3M6Mzoib2xkIjthOjA6e31zOjM6Im5ldyI7YTowOnt9fX0=',1778753699),('DgwEeCQmyTj01Usjcq1SVhKeMCPH5oSvbiQtGnfm',NULL,'127.0.0.1','Mozilla/5.0 (Windows NT 10.0; Win64; x64) AppleWebKit/537.36 (KHTML, like Gecko) Chrome/148.0.0.0 Safari/537.36','YTozOntzOjY6Il90b2tlbiI7czo0MDoid3gwZWRVTUZVbGJFMlRMd0hqbE50UVlNR1g0Q2szS2NGMWFFZGlTYiI7czo5OiJfcHJldmlvdXMiO2E6Mjp7czozOiJ1cmwiO3M6MjE6Imh0dHA6Ly8xMjcuMC4wLjE6ODAwMCI7czo1OiJyb3V0ZSI7czo0OiJob21lIjt9czo2OiJfZmxhc2giO2E6Mjp7czozOiJvbGQiO2E6MDp7fXM6MzoibmV3IjthOjA6e319fQ==',1779089639),('Ds0jdtcuQFh7Ksxyi6C6an6CDEh7yilPwh5bQ6yV',NULL,'127.0.0.1','Mozilla/5.0 (Windows NT 10.0; Microsoft Windows 10.0.26200; ms-MY) PowerShell/7.6.1','YTozOntzOjY6Il90b2tlbiI7czo0MDoidzBZZUNSMExvQmJ6eFdMNTJoaU5yekptZExZemo5OHdjS1IyWlZEWCI7czo5OiJfcHJldmlvdXMiO2E6Mjp7czozOiJ1cmwiO3M6NTA6Imh0dHA6Ly8xMjcuMC4wLjE6ODAwMC9kaXJlY3Rvcnk/cT1Gcm96ZW4lMjBTZWFmb29kIjtzOjU6InJvdXRlIjtzOjE1OiJkaXJlY3RvcnkuaW5kZXgiO31zOjY6Il9mbGFzaCI7YToyOntzOjM6Im9sZCI7YTowOnt9czozOiJuZXciO2E6MDp7fX19',1778750366),('EWT5mEbHTzHE1o2rdG9e1bhbu2FxyOypqtdp3Zkh',NULL,'127.0.0.1','Mozilla/5.0 (Windows NT 10.0; Win64; x64) AppleWebKit/537.36 (KHTML, like Gecko) Chrome/148.0.0.0 Safari/537.36','YTozOntzOjY6Il90b2tlbiI7czo0MDoiNkhBM2FJOUhvVmxxTFp0SDlGdXVJWnlDMUV2cXA2bG1IbmJHQ1RLeCI7czo5OiJfcHJldmlvdXMiO2E6Mjp7czozOiJ1cmwiO3M6MjE6Imh0dHA6Ly8xMjcuMC4wLjE6ODAwMCI7czo1OiJyb3V0ZSI7czo0OiJob21lIjt9czo2OiJfZmxhc2giO2E6Mjp7czozOiJvbGQiO2E6MDp7fXM6MzoibmV3IjthOjA6e319fQ==',1779090931),('g9Ews4UqeNCUN3cbk5X6MYVS3AMdRB7o2ksz46Zk',NULL,'127.0.0.1','Mozilla/5.0 (Windows NT 10.0; Win64; x64) AppleWebKit/537.36 (KHTML, like Gecko) Chrome/148.0.0.0 Safari/537.36','YTozOntzOjY6Il90b2tlbiI7czo0MDoicU1DVzU4VVRQTkRIOWpIcW94bXk3ZWxlcDZQTjRhcDRKZ0E0OUlJMiI7czo5OiJfcHJldmlvdXMiO2E6Mjp7czozOiJ1cmwiO3M6MjE6Imh0dHA6Ly8xMjcuMC4wLjE6ODAwMCI7czo1OiJyb3V0ZSI7czo0OiJob21lIjt9czo2OiJfZmxhc2giO2E6Mjp7czozOiJvbGQiO2E6MDp7fXM6MzoibmV3IjthOjA6e319fQ==',1779089638),('IbopPSCXQXZrcELJ2aVDHhwB52zDA8jlzVJ66Tii',NULL,'127.0.0.1','Mozilla/5.0 (Windows NT 10.0; Win64; x64) AppleWebKit/537.36 (KHTML, like Gecko) Chrome/148.0.0.0 Safari/537.36','YTozOntzOjY6Il90b2tlbiI7czo0MDoidjRaTWQwZjh3NlhENHFFdVpMT2hGaXBhZnoyRk9Wd3lEd2JyZnJXciI7czo5OiJfcHJldmlvdXMiO2E6Mjp7czozOiJ1cmwiO3M6MjE6Imh0dHA6Ly8xMjcuMC4wLjE6ODAwMCI7czo1OiJyb3V0ZSI7czo0OiJob21lIjt9czo2OiJfZmxhc2giO2E6Mjp7czozOiJvbGQiO2E6MDp7fXM6MzoibmV3IjthOjA6e319fQ==',1779089638),('iypAM3ueUSa8p6xgEmeL6zZtjgyY5LxTbwt7obTS',NULL,'127.0.0.1','Mozilla/5.0 (Windows NT 10.0; Win64; x64) AppleWebKit/537.36 (KHTML, like Gecko) Chrome/148.0.0.0 Safari/537.36','YTozOntzOjY6Il90b2tlbiI7czo0MDoiZllxQU95NFdva2dzUnVoTHJSOWlxMjhzdU5lWjlOaG1PeVVJdmVkQyI7czo5OiJfcHJldmlvdXMiO2E6Mjp7czozOiJ1cmwiO3M6MjE6Imh0dHA6Ly8xMjcuMC4wLjE6ODAwMCI7czo1OiJyb3V0ZSI7czo0OiJob21lIjt9czo2OiJfZmxhc2giO2E6Mjp7czozOiJvbGQiO2E6MDp7fXM6MzoibmV3IjthOjA6e319fQ==',1779089637),('KT8K23tlp7fPiSmPF5b7wdJSc4tiDTzrXzROyvJV',NULL,'127.0.0.1','Mozilla/5.0 (Windows NT 10.0; Microsoft Windows 10.0.26200; ms-MY) PowerShell/7.6.1','YTozOntzOjY6Il90b2tlbiI7czo0MDoiWmRIOWZyUXpoTjU5V0lnTTAwaVlCYWVNZnZ4NGQ4MVcwcnZaNm55QSI7czo5OiJfcHJldmlvdXMiO2E6Mjp7czozOiJ1cmwiO3M6MzE6Imh0dHA6Ly8xMjcuMC4wLjE6ODAwMC9kaXJlY3RvcnkiO3M6NToicm91dGUiO3M6MTU6ImRpcmVjdG9yeS5pbmRleCI7fXM6NjoiX2ZsYXNoIjthOjI6e3M6Mzoib2xkIjthOjA6e31zOjM6Im5ldyI7YTowOnt9fX0=',1778750365),('mVRTLVwcdtKAgswZ3XoO0RPBNg2eWKbSdD57kepP',NULL,'127.0.0.1','Mozilla/5.0 (Windows NT 10.0; Win64; x64) AppleWebKit/537.36 (KHTML, like Gecko) Chrome/148.0.0.0 Safari/537.36','YTozOntzOjY6Il90b2tlbiI7czo0MDoiMnBkQkJVOWF1VDVaSXYySEx1MDQ5aHh1czBlRVVvNXNDUkFvcmhMVyI7czo5OiJfcHJldmlvdXMiO2E6Mjp7czozOiJ1cmwiO3M6MjE6Imh0dHA6Ly8xMjcuMC4wLjE6ODAwMCI7czo1OiJyb3V0ZSI7czo0OiJob21lIjt9czo2OiJfZmxhc2giO2E6Mjp7czozOiJvbGQiO2E6MDp7fXM6MzoibmV3IjthOjA6e319fQ==',1778753833),('NKN5Z4JGq4v0gsbb7DRmEnuPHmjEMDvTB8rVDD2p',NULL,'127.0.0.1','Mozilla/5.0 (Windows NT 10.0; Win64; x64) AppleWebKit/537.36 (KHTML, like Gecko) Chrome/148.0.0.0 Safari/537.36','YTozOntzOjY6Il90b2tlbiI7czo0MDoiRkY5eWpBcE1mRGZlTVB2UDFUaU5lYU9sckhIdjZnMERXcE56N055bSI7czo5OiJfcHJldmlvdXMiO2E6Mjp7czozOiJ1cmwiO3M6MjE6Imh0dHA6Ly8xMjcuMC4wLjE6ODAwMCI7czo1OiJyb3V0ZSI7czo0OiJob21lIjt9czo2OiJfZmxhc2giO2E6Mjp7czozOiJvbGQiO2E6MDp7fXM6MzoibmV3IjthOjA6e319fQ==',1779089639),('nnGIUiqgzBGHWtoIT3mBbbpf3OjJIjcR4DB7Ap4n',NULL,'127.0.0.1','Mozilla/5.0 (Windows NT 10.0; Win64; x64) AppleWebKit/537.36 (KHTML, like Gecko) Chrome/148.0.0.0 Safari/537.36','YTozOntzOjY6Il90b2tlbiI7czo0MDoiMmRITHF5MW00Vm10eGdQTXRKNzZhaEVwOGV1UE5PQ0JxTUVPZ01WaSI7czo5OiJfcHJldmlvdXMiO2E6Mjp7czozOiJ1cmwiO3M6MjE6Imh0dHA6Ly8xMjcuMC4wLjE6ODAwMCI7czo1OiJyb3V0ZSI7czo0OiJob21lIjt9czo2OiJfZmxhc2giO2E6Mjp7czozOiJvbGQiO2E6MDp7fXM6MzoibmV3IjthOjA6e319fQ==',1779103251),('rMOSMgqXQOjBXhE80ORmo4T1VBlFUoROdW2LKCnm',NULL,'127.0.0.1','Mozilla/5.0 (Windows NT 10.0; Microsoft Windows 10.0.26200; ms-MY) PowerShell/7.6.1','YTozOntzOjY6Il90b2tlbiI7czo0MDoicG0wRlFJc01uOVdUVXFoWTdhdVpsdjV2bjRRYzh3VGY4SXZ2YnRZaiI7czo5OiJfcHJldmlvdXMiO2E6Mjp7czozOiJ1cmwiO3M6NDY6Imh0dHA6Ly8xMjcuMC4wLjE6ODAwMC9kaXJlY3Rvcnk/cT1GcmVzaCUyMEZpc2giO3M6NToicm91dGUiO3M6MTU6ImRpcmVjdG9yeS5pbmRleCI7fXM6NjoiX2ZsYXNoIjthOjI6e3M6Mzoib2xkIjthOjA6e31zOjM6Im5ldyI7YTowOnt9fX0=',1778750365),('TEnAxy1OrlWB4KMsu1ArcGH9DgDcipVQUGZUehzW',NULL,'127.0.0.1','Mozilla/5.0 (Windows NT 10.0; Win64; x64) AppleWebKit/537.36 (KHTML, like Gecko) Chrome/148.0.0.0 Safari/537.36','YTozOntzOjY6Il90b2tlbiI7czo0MDoicWpOTjA0SzNCdXpieXRBbExzaDlxU0pMSlBZaWZ1SGdMQklPRTZFWSI7czo5OiJfcHJldmlvdXMiO2E6Mjp7czozOiJ1cmwiO3M6MjE6Imh0dHA6Ly8xMjcuMC4wLjE6ODAwMCI7czo1OiJyb3V0ZSI7czo0OiJob21lIjt9czo2OiJfZmxhc2giO2E6Mjp7czozOiJvbGQiO2E6MDp7fXM6MzoibmV3IjthOjA6e319fQ==',1779089638),('TUpNTiVBhVvhjmYT3xTLgZHzP1n72qG6aQO1NPPN',NULL,'127.0.0.1','Mozilla/5.0 (Windows NT 10.0; Win64; x64) AppleWebKit/537.36 (KHTML, like Gecko) Chrome/148.0.0.0 Safari/537.36','YTozOntzOjY6Il90b2tlbiI7czo0MDoib0JPS2FKd05uUTZYT3FtN2VUdWdYeFZSRXZKRTdXRmQ1Zk1XNUUwZiI7czo5OiJfcHJldmlvdXMiO2E6Mjp7czozOiJ1cmwiO3M6MjE6Imh0dHA6Ly8xMjcuMC4wLjE6ODAwMCI7czo1OiJyb3V0ZSI7czo0OiJob21lIjt9czo2OiJfZmxhc2giO2E6Mjp7czozOiJvbGQiO2E6MDp7fXM6MzoibmV3IjthOjA6e319fQ==',1779103099),('ubkpNuvgsKZFZkNGhRbTuoQ5QT6Oq9CNanHDOXFf',NULL,'127.0.0.1','Mozilla/5.0 (Windows NT 10.0; Win64; x64) AppleWebKit/537.36 (KHTML, like Gecko) Chrome/148.0.0.0 Safari/537.36','YTozOntzOjY6Il90b2tlbiI7czo0MDoiMFkzUFZXclpmY2xiejZlSG51dE8xWnFsdHZzVnFKMTdpd1o2NGFqYiI7czo5OiJfcHJldmlvdXMiO2E6Mjp7czozOiJ1cmwiO3M6MjE6Imh0dHA6Ly8xMjcuMC4wLjE6ODAwMCI7czo1OiJyb3V0ZSI7czo0OiJob21lIjt9czo2OiJfZmxhc2giO2E6Mjp7czozOiJvbGQiO2E6MDp7fXM6MzoibmV3IjthOjA6e319fQ==',1779089639),('UKBGs4DM2b8i7IapSqNB8b3n2vIWgim5FQhZKxwC',NULL,'127.0.0.1','Mozilla/5.0 (Windows NT 10.0; Win64; x64) AppleWebKit/537.36 (KHTML, like Gecko) Chrome/148.0.0.0 Safari/537.36','YTozOntzOjY6Il90b2tlbiI7czo0MDoiN0t3d1RoTk5hT00yR3B0WDF3ajVYcnZTVE81NXg1YlU4cFVqVnR4YSI7czo5OiJfcHJldmlvdXMiO2E6Mjp7czozOiJ1cmwiO3M6MjE6Imh0dHA6Ly8xMjcuMC4wLjE6ODAwMCI7czo1OiJyb3V0ZSI7czo0OiJob21lIjt9czo2OiJfZmxhc2giO2E6Mjp7czozOiJvbGQiO2E6MDp7fXM6MzoibmV3IjthOjA6e319fQ==',1778752515),('xlGLoWFAHmCSw2IdTxXRhMSK62A9Pg75aH4H3QKd',NULL,'127.0.0.1','Mozilla/5.0 (Windows NT 10.0; Microsoft Windows 10.0.26200; ms-MY) PowerShell/7.6.1','YTozOntzOjY6Il90b2tlbiI7czo0MDoiRTM4NURuWDJWejFFUTIyNUd2TUNsejhVbnllMDk2NlJGcFhpWk85SyI7czo5OiJfcHJldmlvdXMiO2E6Mjp7czozOiJ1cmwiO3M6MzI6Imh0dHA6Ly8xMjcuMC4wLjE6ODAwMC9jYXRlZ29yaWVzIjtzOjU6InJvdXRlIjtzOjE2OiJjYXRlZ29yaWVzLmluZGV4Ijt9czo2OiJfZmxhc2giO2E6Mjp7czozOiJvbGQiO2E6MDp7fXM6MzoibmV3IjthOjA6e319fQ==',1778753698),('zldPgvxN6UN8SVwVb5LzJP7tyN2j7gsKoqjlCQb0',NULL,'127.0.0.1','Mozilla/5.0 (Windows NT 10.0; Win64; x64) AppleWebKit/537.36 (KHTML, like Gecko) Chrome/148.0.0.0 Safari/537.36','YTozOntzOjY6Il90b2tlbiI7czo0MDoiVWpJczlRRXlIT3R0Mm5DOTV2SHRvRFpDVHJud2RaMlhLVXp6ZGt1ViI7czo5OiJfcHJldmlvdXMiO2E6Mjp7czozOiJ1cmwiO3M6MjE6Imh0dHA6Ly8xMjcuMC4wLjE6ODAwMCI7czo1OiJyb3V0ZSI7czo0OiJob21lIjt9czo2OiJfZmxhc2giO2E6Mjp7czozOiJvbGQiO2E6MDp7fXM6MzoibmV3IjthOjA6e319fQ==',1779089639);
/*!40000 ALTER TABLE `sessions` ENABLE KEYS */;
UNLOCK TABLES;

--
-- Table structure for table `subscription_plans`
--

DROP TABLE IF EXISTS `subscription_plans`;
/*!40101 SET @saved_cs_client     = @@character_set_client */;
/*!40101 SET character_set_client = utf8 */;
CREATE TABLE `subscription_plans` (
  `id` bigint(20) unsigned NOT NULL AUTO_INCREMENT,
  `name` varchar(255) NOT NULL,
  `slug` varchar(255) NOT NULL,
  `role_type` varchar(255) NOT NULL,
  `price` decimal(10,2) NOT NULL DEFAULT 0.00,
  `duration_days` int(10) unsigned NOT NULL DEFAULT 30,
  `features` longtext CHARACTER SET utf8mb4 COLLATE utf8mb4_bin DEFAULT NULL CHECK (json_valid(`features`)),
  `is_active` tinyint(1) NOT NULL DEFAULT 1,
  `sort_order` int(10) unsigned NOT NULL DEFAULT 0,
  `created_at` timestamp NULL DEFAULT NULL,
  `updated_at` timestamp NULL DEFAULT NULL,
  PRIMARY KEY (`id`),
  UNIQUE KEY `subscription_plans_slug_unique` (`slug`)
) ENGINE=InnoDB AUTO_INCREMENT=4 DEFAULT CHARSET=utf8mb4 COLLATE=utf8mb4_unicode_ci;
/*!40101 SET character_set_client = @saved_cs_client */;

--
-- Dumping data for table `subscription_plans`
--

LOCK TABLES `subscription_plans` WRITE;
/*!40000 ALTER TABLE `subscription_plans` DISABLE KEYS */;
INSERT INTO `subscription_plans` VALUES (1,'Buyer Basic','buyer-basic','normal',0.00,30,'[\"Browse suppliers\",\"Save favorites\",\"Send messages\"]',1,1,'2026-05-12 20:55:07','2026-05-12 20:55:07'),(2,'Supplier Starter','supplier-starter','company',49.00,30,'[\"Supplier profile\",\"Product listings\",\"Campaigns and news\",\"Receive messages\"]',1,2,'2026-05-12 20:55:07','2026-05-12 20:55:07'),(3,'Supplier Pro','supplier-pro','company',99.00,30,'[\"Featured supplier exposure\",\"Analytics access\",\"Priority campaign placement\"]',1,3,'2026-05-12 20:55:07','2026-05-12 20:55:07');
/*!40000 ALTER TABLE `subscription_plans` ENABLE KEYS */;
UNLOCK TABLES;

--
-- Table structure for table `subscriptions`
--

DROP TABLE IF EXISTS `subscriptions`;
/*!40101 SET @saved_cs_client     = @@character_set_client */;
/*!40101 SET character_set_client = utf8 */;
CREATE TABLE `subscriptions` (
  `id` bigint(20) unsigned NOT NULL AUTO_INCREMENT,
  `subscription_plan_id` bigint(20) unsigned NOT NULL,
  `subscribable_type` varchar(255) NOT NULL,
  `subscribable_id` bigint(20) unsigned NOT NULL,
  `status` varchar(255) NOT NULL DEFAULT 'active',
  `payment_status` varchar(255) NOT NULL DEFAULT 'unpaid',
  `start_date` timestamp NULL DEFAULT NULL,
  `end_date` timestamp NULL DEFAULT NULL,
  `cancelled_at` timestamp NULL DEFAULT NULL,
  `created_at` timestamp NULL DEFAULT NULL,
  `updated_at` timestamp NULL DEFAULT NULL,
  PRIMARY KEY (`id`),
  KEY `subscriptions_subscription_plan_id_foreign` (`subscription_plan_id`),
  KEY `subscriptions_subscribable_type_subscribable_id_index` (`subscribable_type`,`subscribable_id`),
  CONSTRAINT `subscriptions_subscription_plan_id_foreign` FOREIGN KEY (`subscription_plan_id`) REFERENCES `subscription_plans` (`id`) ON DELETE CASCADE
) ENGINE=InnoDB AUTO_INCREMENT=2 DEFAULT CHARSET=utf8mb4 COLLATE=utf8mb4_unicode_ci;
/*!40101 SET character_set_client = @saved_cs_client */;

--
-- Dumping data for table `subscriptions`
--

LOCK TABLES `subscriptions` WRITE;
/*!40000 ALTER TABLE `subscriptions` DISABLE KEYS */;
INSERT INTO `subscriptions` VALUES (1,1,'App\\Models\\User',2,'active','pending','2026-05-12 23:32:12','2026-06-11 23:32:12',NULL,'2026-05-12 23:32:12','2026-05-12 23:32:12');
/*!40000 ALTER TABLE `subscriptions` ENABLE KEYS */;
UNLOCK TABLES;

--
-- Table structure for table `user_categories`
--

DROP TABLE IF EXISTS `user_categories`;
/*!40101 SET @saved_cs_client     = @@character_set_client */;
/*!40101 SET character_set_client = utf8 */;
CREATE TABLE `user_categories` (
  `id` bigint(20) unsigned NOT NULL AUTO_INCREMENT,
  `name` varchar(255) NOT NULL,
  `slug` varchar(255) NOT NULL,
  `description` text DEFAULT NULL,
  `sort_order` int(10) unsigned NOT NULL DEFAULT 0,
  `created_at` timestamp NULL DEFAULT NULL,
  `updated_at` timestamp NULL DEFAULT NULL,
  PRIMARY KEY (`id`),
  UNIQUE KEY `user_categories_slug_unique` (`slug`)
) ENGINE=InnoDB AUTO_INCREMENT=18 DEFAULT CHARSET=utf8mb4 COLLATE=utf8mb4_unicode_ci;
/*!40101 SET character_set_client = @saved_cs_client */;

--
-- Dumping data for table `user_categories`
--

LOCK TABLES `user_categories` WRITE;
/*!40000 ALTER TABLE `user_categories` DISABLE KEYS */;
INSERT INTO `user_categories` VALUES (1,'Importer','importer',NULL,1,'2026-05-12 01:33:33','2026-05-12 01:33:33'),(2,'Exporter','exporter',NULL,2,'2026-05-12 01:33:33','2026-05-12 01:33:33'),(3,'Processor','processor',NULL,3,'2026-05-12 01:33:33','2026-05-12 01:33:33'),(4,'Canner','canner',NULL,4,'2026-05-12 01:33:33','2026-05-12 01:33:33'),(5,'Distributor','distributor',NULL,5,'2026-05-12 01:33:33','2026-05-12 01:33:33'),(6,'Wholesaler','wholesaler',NULL,6,'2026-05-12 01:33:33','2026-05-12 01:33:33'),(7,'Broker/Supplier','broker-supplier',NULL,7,'2026-05-12 01:33:33','2026-05-12 01:33:33'),(8,'Retailer','retailer',NULL,8,'2026-05-12 01:33:33','2026-05-12 01:33:33'),(9,'Caterer','caterer',NULL,9,'2026-05-12 01:33:33','2026-05-12 01:33:33'),(10,'Equipment Supplier','equipment-supplier',NULL,10,'2026-05-12 01:33:33','2026-05-12 01:33:33'),(11,'Fishing Operator','fishing-operator',NULL,11,'2026-05-12 01:33:33','2026-05-12 01:33:33'),(12,'Academic','academic',NULL,12,'2026-05-12 01:33:33','2026-05-12 01:33:33'),(13,'Consultant','consultant',NULL,13,'2026-05-12 01:33:33','2026-05-12 01:33:33'),(14,'Press','press',NULL,14,'2026-05-12 01:33:33','2026-05-12 01:33:33'),(15,'NGO','ngo',NULL,15,'2026-05-12 01:33:33','2026-05-12 01:33:33'),(16,'Government','government',NULL,16,'2026-05-12 01:33:33','2026-05-12 01:33:33'),(17,'International Organisation','international-organisation',NULL,17,'2026-05-12 01:33:33','2026-05-12 01:33:33');
/*!40000 ALTER TABLE `user_categories` ENABLE KEYS */;
UNLOCK TABLES;

--
-- Table structure for table `users`
--

DROP TABLE IF EXISTS `users`;
/*!40101 SET @saved_cs_client     = @@character_set_client */;
/*!40101 SET character_set_client = utf8 */;
CREATE TABLE `users` (
  `id` bigint(20) unsigned NOT NULL AUTO_INCREMENT,
  `name` varchar(255) NOT NULL,
  `email` varchar(255) NOT NULL,
  `role` varchar(255) NOT NULL DEFAULT 'normal',
  `status` varchar(255) NOT NULL DEFAULT 'active',
  `email_verified_at` timestamp NULL DEFAULT NULL,
  `password` varchar(255) NOT NULL,
  `remember_token` varchar(100) DEFAULT NULL,
  `created_at` timestamp NULL DEFAULT NULL,
  `updated_at` timestamp NULL DEFAULT NULL,
  PRIMARY KEY (`id`),
  UNIQUE KEY `users_email_unique` (`email`)
) ENGINE=InnoDB AUTO_INCREMENT=4 DEFAULT CHARSET=utf8mb4 COLLATE=utf8mb4_unicode_ci;
/*!40101 SET character_set_client = @saved_cs_client */;

--
-- Dumping data for table `users`
--

LOCK TABLES `users` WRITE;
/*!40000 ALTER TABLE `users` DISABLE KEYS */;
INSERT INTO `users` VALUES (1,'IDXI Admin','admin@idxi.test','admin','active','2026-05-11 23:23:23','$2y$12$l9m87WOo9v/QepU.JhEIAuxlP0DZsMvjQDbjWxfjDx5nIbfI/bmEK','Go0fLPWDBTTZpus1ZkFbETcsVDx8kf19sRxVDBUy8MSvmOgjy0faTrr7A2xT','2026-05-11 23:23:24','2026-05-11 23:23:24'),(2,'Normal Buyer','member@idxi.test','normal','active','2026-05-11 23:23:24','$2y$12$l9m87WOo9v/QepU.JhEIAuxlP0DZsMvjQDbjWxfjDx5nIbfI/bmEK','5QNm3hTIc8','2026-05-11 23:23:24','2026-05-11 23:23:24'),(3,'Blue Harbour Team','company@idxi.test','company','active','2026-05-11 23:23:24','$2y$12$l9m87WOo9v/QepU.JhEIAuxlP0DZsMvjQDbjWxfjDx5nIbfI/bmEK','yq6qiyvcA0','2026-05-11 23:23:24','2026-05-11 23:23:24');
/*!40000 ALTER TABLE `users` ENABLE KEYS */;
UNLOCK TABLES;

--
-- Dumping routines for database 'infofish'
--
/*!40103 SET TIME_ZONE=@OLD_TIME_ZONE */;

/*!40101 SET SQL_MODE=@OLD_SQL_MODE */;
/*!40014 SET FOREIGN_KEY_CHECKS=@OLD_FOREIGN_KEY_CHECKS */;
/*!40014 SET UNIQUE_CHECKS=@OLD_UNIQUE_CHECKS */;
/*!40101 SET CHARACTER_SET_CLIENT=@OLD_CHARACTER_SET_CLIENT */;
/*!40101 SET CHARACTER_SET_RESULTS=@OLD_CHARACTER_SET_RESULTS */;
/*!40101 SET COLLATION_CONNECTION=@OLD_COLLATION_CONNECTION */;
/*!40111 SET SQL_NOTES=@OLD_SQL_NOTES */;

-- Dump completed on 2026-05-19 12:13:59
